sku,E-Mart,Naivas,Quickmart
Bread200g,1400.0,550.0,357.5
Bread400g,162.5,162.5,162.5
Bread5kg,49.3,48.0,48.0
Bread600g,166.66666666666669,163.33333333333334,166.66666666666669
Bread800g,162.5,155.0,162.5
Cooking Oil10l,312.45,287.5,292.75
Cooking Oil1l,399.0,355.0,358.0
Cooking Oil20l,289.225,289.45,285.75
Cooking Oil2kg,290.0,349.5,209.0
Cooking Oil2l,375.0,337.5,340.0
Cooking Oil3l,383.3333333333333,340.0,355.8333333333333
Cooking Oil500ml,439.0,420.0,435.0
Cooking Oil5l,330.0,313.5,310.9
Maize Meal10kg,86.0,82.5,79.45
Maize Meal1kg,90.0,163.0,89.0
Maize Meal2kg,96.0,74.5,75.0
Maize Meal5kg,88.0,83.0,84.30000000000001
MilkBrookside1l,167.5,313.5,166.0
MilkBrookside250ml,280.0,184.0,280.0
MilkDaima500ml,120.0,146.0,144.0
MilkFresha500ml,116.0,106.0,130.0
Rice250g,5196.0,1176.0,1396.0
Rice2kg,290.0,247.25,244.25
Rice400g,1125.0,1168.75,639.0
Rice5kg,315.0,231.60000000000002,250.8
Sugar200g,1300.0,1800.0,600.0
Sugar2kg,182.5,152.5,153.5
Sugar500g,300.0,330.0,313.0
Sugar5kg,174.0,149.0,153.0
Wheat Flour1kg,195.0,153.5,148.5
Wheat Flour2kg,92.5,91.5,92.5
Wheat Flour500g,370.0,1020.0,415.0
