date,category,name,current_price,old_price,link,source
2026-10-08,milk,Fresha Fresh Whole Milk 500Ml,KES 65.00,No discount,https://www.quickmart.co.ke/fresha-fresh-whole-milk-500ml-63,Quickmart
2026-10-08,milk,Brookside Uht Whole Milk 250Ml,KES 44.00,No discount,https://www.quickmart.co.ke/brookside-uht-whole-milk-250ml-66,Quickmart
2026-10-08,milk,Festive Milk Bread 800Gms,KES 130.00,No discount,https://www.quickmart.co.ke/festive-milk-bread-800gms-62,Quickmart
2026-10-08,milk,Ilara Fresh Full Cream Whole Milk 1L,KES 124.00,No discount,https://www.quickmart.co.ke/ilara-fresh-full-cream-whole-milk-1l-63,Quickmart
2026-10-08,milk,Dairy Milk Oreo 95G,KES 299.00,No discount,https://www.quickmart.co.ke/dairy-milk-oreo-95g-30,Quickmart
2026-10-08,milk,Dairyland Real Milk Chocolate 80Gm,KES 189.00,KES 240.00,https://www.quickmart.co.ke/dairyland-real-milk-chocolate-80gm-13,Quickmart
2026-10-08,milk,Brookside Vanilla 250Ml Flavoured Milk,KES 70.00,No discount,https://www.quickmart.co.ke/brookside-vanilla-250ml-flavoured-milk-40,Quickmart
2026-10-08,milk,Brookide Disney Strawberry Flavoured Milk 200Ml,KES 61.00,No discount,https://www.quickmart.co.ke/brookide-disney-strawberry-flavoured-milk-200ml-29,Quickmart
2026-10-08,milk,Mill Bakers Daz Milk Flavour 200Gms,KES 52.00,No discount,https://www.quickmart.co.ke/mill-bakers-daz-milk-flavour-200gms-49,Quickmart
2026-10-08,milk,Kinangop Fresh Pouch Milk 500Ml,KES 64.00,No discount,https://www.quickmart.co.ke/kinangop-fresh-pouch-milk-500ml-38,Quickmart
2026-10-08,milk,Dairyland Milk & Cookies Chclate 80G,KES 189.00,KES 240.00,https://www.quickmart.co.ke/dairyland-milk-cookies-chclate-80g-24,Quickmart
2026-10-08,milk,Dairyland Chocolart Real Milk 20G,KES 55.00,No discount,https://www.quickmart.co.ke/dairyland-chocolart-real-milk-20g-66,Quickmart
2026-10-08,milk,Geisha Coconut Milk & Honey Soap 200G,KES 110.00,No discount,https://www.quickmart.co.ke/geisha-coconut-milk-honey-soap-200g-62,Quickmart
2026-10-08,milk,Dairyland Dark Milk Chocolate 80Gm,KES 189.00,KES 240.00,https://www.quickmart.co.ke/dairyland-dark-milk-chocolate-80gm-21,Quickmart
2026-10-08,milk,Geisha Soap Coconut Milk & Honey 90G,KES 55.00,No discount,https://www.quickmart.co.ke/geisha-soap-coconut-milk-honey-90g-11,Quickmart
2026-10-08,milk,Dairyland Real Milk Chocolate 40Gm,KES 120.00,No discount,https://www.quickmart.co.ke/dairyland-real-milk-chocolate-40gm-50,Quickmart
2026-10-08,milk,Kenafric Lotta Milk Munch 80S,KES 95.00,KES 119.00,https://www.quickmart.co.ke/kenafric-lotta-milk-munch-80s-51,Quickmart
2026-10-08,milk,Sunveat Club 99 Milk 240G,KES 129.00,No discount,https://www.quickmart.co.ke/sunveat-club-99-milk-240g-24,Quickmart
2026-10-08,milk,Daima Assorted - 6Pack Flavoured Milk 250Ml,KES 400.00,No discount,https://www.quickmart.co.ke/daima-assorted-6pack-flavoured-milk-250ml-61,Quickmart
2026-10-08,milk,Barot Coffee/Milk Cup Sycup 1001,KES 140.00,KES 185.00,https://www.quickmart.co.ke/barot-coffee/milk-cup-sycup-1001-38,Quickmart
2026-10-08,milk,Valon Body Milk Lotion - 400Ml,KES 260.00,No discount,https://www.quickmart.co.ke/valon-body-milk-lotion-400ml-16,Quickmart
2026-10-08,milk,Limuru Fresh Milk 1Litre,KES 90.00,No discount,https://www.quickmart.co.ke/limuru-fresh-milk-1litre-41,Quickmart
2026-10-08,milk,Brookside Uht Flavour Choco Milk 250Ml,KES 70.00,No discount,https://www.quickmart.co.ke/brookside-uht-flavour-choco-milk-250ml-63,Quickmart
2026-10-08,milk,Alo Lotion Goat Milk - 400Ml,KES 295.00,No discount,https://www.quickmart.co.ke/alo-lotion-goat-milk-400ml-10,Quickmart
2026-10-08,milk,Brookside Disney Vanilla Flavoured Milk 200Ml,KES 61.00,No discount,https://www.quickmart.co.ke/brookside-disney-vanilla-flavoured-milk-200ml-32,Quickmart
2026-10-08,milk,Daima Vanilla Milk 480Ml,KES 100.00,No discount,https://www.quickmart.co.ke/daima-vanilla-milk-480ml-63,Quickmart
2026-10-08,milk,Nice & Lovely Body Milk - 400Ml,KES 275.00,KES 320.00,https://www.quickmart.co.ke/nice-lovely-body-milk-400ml-15,Quickmart
2026-10-08,milk,Kentaste Coconut Milk 400Ml,KES 297.00,No discount,https://www.quickmart.co.ke/kentaste-coconut-milk-400ml-19,Quickmart
2026-10-08,milk,Nestle Kitkat Chunky Milk 40G,KES 115.00,KES 175.00,https://www.quickmart.co.ke/nestle-kitkat-chunky-milk-40g-30,Quickmart
2026-10-08,milk,Nice & Lovely Milk Lotion - 600Ml,KES 410.00,KES 470.00,https://www.quickmart.co.ke/nice-lovely-milk-lotion-600ml-27,Quickmart
2026-10-08,milk,Brookside Uht Flavour Banana Milk 250Ml,KES 70.00,No discount,https://www.quickmart.co.ke/brookside-uht-flavour-banana-milk-250ml-63,Quickmart
2026-10-08,milk,Brookside Uht Flavour Coffee Milk 250Ml,KES 70.00,No discount,https://www.quickmart.co.ke/brookside-uht-flavour-coffee-milk-250ml-63,Quickmart
2026-10-08,milk,Nestle Kitkat 4 Finger Milk 41.5G,KES 170.00,No discount,https://www.quickmart.co.ke/nestle-kitkat-4-finger-milk-41.5g-62,Quickmart
2026-10-08,milk,Arimis Milking Jelly - 200G,KES 139.00,No discount,https://www.quickmart.co.ke/arimis-milking-jelly-200g-50,Quickmart
2026-10-08,milk,Yego Milk Biscuit 60*5Pcs/65*4Pcs,KES 325.00,No discount,https://www.quickmart.co.ke/yego-milk-biscuit-60*5pcs/65*4pcs-12,Quickmart
2026-10-08,milk,Kara Coconut Milk Uht 200Ml,KES 200.00,No discount,https://www.quickmart.co.ke/kara-coconut-milk-uht-200ml-28,Quickmart
2026-10-08,milk,Zoe Body Lotion Milk Dry Skin 400Ml,KES 280.00,No discount,https://www.quickmart.co.ke/zoe-body-lotion-milk-dry-skin-400ml-63,Quickmart
2026-10-08,milk,Mio Goodie Milk Compound 45G,KES 60.00,No discount,https://www.quickmart.co.ke/mio-goodie-milk-compound-45g-54,Quickmart
2026-10-08,milk,Alo Lotion Goat Milk - 200Ml,KES 175.00,No discount,https://www.quickmart.co.ke/alo-lotion-goat-milk-200ml-29,Quickmart
2026-10-08,milk,Manji Milk Star Biscuits 200G,KES 93.00,No discount,https://www.quickmart.co.ke/manji-milk-star-biscuits-200g-44,Quickmart
2026-10-08,milk,Nestle Nan Optipro Infant Formula Milk Powder 400G,"KES 2,060.00",No discount,https://www.quickmart.co.ke/nestle-nan-optipro-infant-formula-milk-powder-400g-63,Quickmart
2026-10-08,milk,Amara Body Milk Lotion - 200Ml,KES 160.00,No discount,https://www.quickmart.co.ke/amara-body-milk-lotion-200ml-59,Quickmart
2026-10-08,milk,Daima Strawberry -6Pack Flavour Milk 250Ml,KES 400.00,No discount,https://www.quickmart.co.ke/daima-strawberry-6pack-flavour-milk-250ml-66,Quickmart
2026-10-08,milk,Ballet Baby Milk Soap - 100G,KES 86.00,No discount,https://www.quickmart.co.ke/ballet-baby-milk-soap-100g-29,Quickmart
2026-10-08,milk,Ascot Milk Pan,KES 130.00,No discount,https://www.quickmart.co.ke/ascot-milk-pan-28,Quickmart
2026-10-08,milk,Treatos Milk 105G,KES 50.00,No discount,https://www.quickmart.co.ke/treatos-milk-105g-12,Quickmart
2026-10-08,milk,Sawa Milking Jelly - 200Ml,KES 120.00,No discount,https://www.quickmart.co.ke/sawa-milking-jelly-200ml-67,Quickmart
2026-10-08,milk,Daima Strawberry Milk 480Ml,KES 100.00,No discount,https://www.quickmart.co.ke/daima-strawberry-milk-480ml-63,Quickmart
2026-10-08,milk,Nuziwa Oat Milk Orignal1L,KES 480.00,No discount,https://www.quickmart.co.ke/nuziwa-oat-milk-orignal1l-63,Quickmart
2026-10-08,milk,Kentaste Coconut Milk 250Ml,KES 219.00,No discount,https://www.quickmart.co.ke/kentaste-coconut-milk-250ml-27,Quickmart
2026-10-08,milk,Brookside Full Cream Sachet Milk Powder 250 G,KES 330.00,No discount,https://www.quickmart.co.ke/brookside-full-cream-sachet-milk-powder-250-g-67,Quickmart
2026-10-08,milk,Fresha Fresh Whole Milk 5L,KES 600.00,No discount,https://www.quickmart.co.ke/fresha-fresh-whole-milk-5l-63,Quickmart
2026-10-08,milk,Daima Vanilla Milk Pet 250Mlx6,KES 400.00,No discount,https://www.quickmart.co.ke/daima-vanilla-milk-pet-250mlx6-63,Quickmart
2026-10-08,milk,Arimis Milking Jelly 90Ml,KES 70.00,No discount,https://www.quickmart.co.ke/arimis-milking-jelly-90ml-60,Quickmart
2026-10-08,milk,Josh Milk Cookies- 85G,KES 120.00,No discount,https://www.quickmart.co.ke/josh-milk-cookies-85g-27,Quickmart
2026-10-08,milk,Bounty Milk Double 57G,KES 215.00,No discount,https://www.quickmart.co.ke/bounty-milk-double-57g-28,Quickmart
2026-10-08,milk,Manji Milk Star 40G,KES 20.00,No discount,https://www.quickmart.co.ke/manji-milk-star-40g-22,Quickmart
2026-10-08,milk,Brookside Almond Unsweeted Milk 1000Ml,KES 455.00,No discount,https://www.quickmart.co.ke/brookside-almond-unsweeted-milk-1000ml-21,Quickmart
2026-10-08,milk,Manji Duos Milk Cream Filled Sandwich Biscuit 60G,KES 70.00,No discount,https://www.quickmart.co.ke/manji-duos-milk-cream-filled-sandwich-biscuit-60g-63,Quickmart
2026-10-08,milk,Britannia Milk Bikis Biscuit 200G,KES 120.00,No discount,https://www.quickmart.co.ke/britannia-milk-bikis-biscuit-200g-37,Quickmart
2026-10-08,milk,Dairyland Milk & Cookies Chclate 40G,KES 120.00,No discount,https://www.quickmart.co.ke/dairyland-milk-cookies-chclate-40g-25,Quickmart
2026-10-08,milk,Parle Milk Power 750G/765G,KES 369.00,No discount,https://www.quickmart.co.ke/parle-milk-power-750g/765g-25,Quickmart
2026-10-08,milk,Parle Milk Power 72.25G/64G,KES 30.00,No discount,https://www.quickmart.co.ke/parle-milk-power-72.25g/64g-43,Quickmart
2026-10-08,milk,Daima Chocolate-6Packflv Milk 250Ml,KES 400.00,No discount,https://www.quickmart.co.ke/daima-chocolate-6packflv-milk-250ml-8,Quickmart
2026-10-08,milk,Parle Milk Power Biscuit 382.5G,KES 190.00,No discount,https://www.quickmart.co.ke/parle-milk-power-biscuit-382.5g-12,Quickmart
2026-10-08,milk,Tca Strawberry Milk Shake 200Ml,KES 45.00,No discount,https://www.quickmart.co.ke/tca-strawberry-milk-shake-200ml-5,Quickmart
2026-10-08,milk,Aryuva Coconut Milk 400Ml,KES 305.00,No discount,https://www.quickmart.co.ke/aryuva-coconut-milk-400ml-30,Quickmart
2026-10-08,milk,Nivea Nourishing Milk - 200Ml,KES 360.00,No discount,https://www.quickmart.co.ke/nivea-nourishing-milk-200ml-18,Quickmart
2026-10-08,milk,Ilara Mazila Maziwa Lala Milk 500Ml,KES 97.00,No discount,https://www.quickmart.co.ke/ilara-mazila-maziwa-lala-milk-500ml-63,Quickmart
2026-10-08,milk,Brookside Full Cream Milk Powder 250Gms,KES 337.00,No discount,https://www.quickmart.co.ke/brookside-full-cream-milk-powder-250gms-23,Quickmart
2026-10-08,milk,Brookside Uht Low Fat Milk 1L,KES 166.00,No discount,https://www.quickmart.co.ke/brookside-uht-low-fat-milk-1l-63,Quickmart
2026-10-08,milk,Brookside Uht Low Fat Milk 250Ml,KES 44.00,No discount,https://www.quickmart.co.ke/brookside-uht-low-fat-milk-250ml-63,Quickmart
2026-10-08,milk,Nuvita Energy Milk Soya 75Gms,KES 40.00,No discount,https://www.quickmart.co.ke/nuvita-energy-milk-soya-75gms-55,Quickmart
2026-10-08,milk,Dairyland Dark Milk Chocolate 40Gm,KES 120.00,No discount,https://www.quickmart.co.ke/dairyland-dark-milk-chocolate-40gm-19,Quickmart
2026-10-08,milk,Dairyland Milk Compound Chocolate 500G,KES 600.00,No discount,https://www.quickmart.co.ke/dairyland-milk-compound-chocolate-500g-27,Quickmart
2026-10-08,milk,Dairy Milk Choc Biscuit 80G,KES 290.00,No discount,https://www.quickmart.co.ke/dairy-milk-choc-biscuit-80g-62,Quickmart
2026-10-08,milk,Manji Milk Star 72Pkts*4Pcsx16G,KES 430.00,No discount,https://www.quickmart.co.ke/manji-milk-star-72pkts*4pcsx16g-13,Quickmart
2026-10-08,milk,Alo Lotion Milk & Honey 400Ml,KES 295.00,No discount,https://www.quickmart.co.ke/alo-lotion-milk-honey-400ml-46,Quickmart
2026-10-08,milk,Nimbu Premium Cockpit Milk Van.750Ml,"KES 1,340.00",No discount,https://www.quickmart.co.ke/nimbu-premium-cockpit-milk-van.750ml-25,Quickmart
2026-10-08,milk,Nimbu Premium Cockpit Milk Lav.750Ml,"KES 1,340.00",No discount,https://www.quickmart.co.ke/nimbu-premium-cockpit-milk-lav.750ml-25,Quickmart
2026-10-08,milk,Can Valon Lotion Body Milk - 200Ml,KES 150.00,No discount,https://www.quickmart.co.ke/can-valon-lotion-body-milk-200ml-11,Quickmart
2026-10-08,milk,Brookside Full Cream Milk Powder 400Gms,KES 502.00,No discount,https://www.quickmart.co.ke/brookside-full-cream-milk-powder-400gms-23,Quickmart
2026-10-08,milk,Brookside-Full Cream Milk Powder 900Gms,"KES 1,055.00",No discount,https://www.quickmart.co.ke/brookside-full-cream-milk-powder-900gms-22,Quickmart
2026-10-08,milk,Candy Kenya Milk Yogurt 100G,KES 70.00,No discount,https://www.quickmart.co.ke/candy-kenya-milk-yogurt-100g-8,Quickmart
2026-10-08,milk,Brookside Full Cream Sachet Milk Powder 450G,KES 554.00,No discount,https://www.quickmart.co.ke/brookside-full-cream-sachet-milk-powder-450g-92,Quickmart
2026-10-08,milk,Fresh Hot Milk Glass(300Ml) Per Pc,KES 79.00,No discount,https://www.quickmart.co.ke/fresh-hot-milk-glass(300ml)-per-pc-16,Quickmart
2026-10-08,milk,Zoe Body Milk Dry Lotion 600Ml,KES 395.00,No discount,https://www.quickmart.co.ke/zoe-body-milk-dry-lotion-600ml-34,Quickmart
2026-10-08,milk,Barot Coffee/Milk Cup 2015 White,KES 185.00,No discount,https://www.quickmart.co.ke/barot-coffee/milk-cup-2015-white-36,Quickmart
2026-10-08,milk,Brit Gbk Milk 294G+50Prcnt Free,KES 199.00,No discount,https://www.quickmart.co.ke/brit-gbk-milk-294g-50prcnt-free-46,Quickmart
2026-10-08,milk,Brio Body Wash Coconut Milk - 400Ml,KES 335.00,No discount,https://www.quickmart.co.ke/brio-body-wash-coconut-milk-400ml-21,Quickmart
2026-10-08,sugar,Kabras Sugar White 2Kg,KES 289.00,No discount,https://www.quickmart.co.ke/kabras-sugar-white-2kg-9,Quickmart
2026-10-08,sugar,Kabras Sugar White 1Kg,KES 145.00,No discount,https://www.quickmart.co.ke/kabras-sugar-white-1kg-52,Quickmart
2026-10-08,sugar,Mumias Sugar 1Kg,KES 155.00,No discount,https://www.quickmart.co.ke/mumias-sugar-1kg-35,Quickmart
2026-10-08,sugar,Nutrameal Natural Wholesome Cane Sugar 2Kg,KES 305.00,No discount,https://www.quickmart.co.ke/nutrameal-natural-wholesome-cane-sugar-2kg-63,Quickmart
2026-10-08,sugar,Nutrameal Natural Wholesome Cane Sugar 1Kg,KES 155.00,No discount,https://www.quickmart.co.ke/nutrameal-natural-wholesome-cane-sugar-1kg-63,Quickmart
2026-10-08,sugar,Valley Sugar Brown 2Kg,KES 309.00,No discount,https://www.quickmart.co.ke/valley-sugar-brown-2kg-21,Quickmart
2026-10-08,sugar,Valley Sugar Brown 1Kg,KES 155.00,No discount,https://www.quickmart.co.ke/valley-sugar-brown-1kg-21,Quickmart
2026-10-08,sugar,Butali Sugar 2Kg,KES 329.00,No discount,https://www.quickmart.co.ke/butali-sugar-2kg-10,Quickmart
2026-10-08,sugar,Transmara Sugar 1Kg,KES 175.00,No discount,https://www.quickmart.co.ke/transmara-sugar-1kg-27,Quickmart
2026-10-08,sugar,Kakira Light Brown Sugar 1Kg,KES 160.00,No discount,https://www.quickmart.co.ke/kakira-light-brown-sugar-1kg-63,Quickmart
2026-10-08,sugar,Nutrameal Natural Wholesome Cane Sugar 5Kg,KES 765.00,No discount,https://www.quickmart.co.ke/nutrameal-natural-wholesome-cane-sugar-5kg-62,Quickmart
2026-10-08,sugar,Kenafric Icing Sugar Box 500G,KES 135.00,KES 159.00,https://www.quickmart.co.ke/kenafric-icing-sugar-box-500g-31,Quickmart
2026-10-08,sugar,Zesta Icing Sugar Packets 500G,KES 159.00,No discount,https://www.quickmart.co.ke/zesta-icing-sugar-packets-500g-63,Quickmart
2026-10-08,sugar,Bass Sugar Dish Bronze,KES 905.00,No discount,https://www.quickmart.co.ke/bass-sugar-dish-bronze-26,Quickmart
2026-10-08,sugar,Prestige Sugar Dish 107,KES 210.00,No discount,https://www.quickmart.co.ke/prestige-sugar-dish-107-28,Quickmart
2026-10-08,sugar,Bass Sugar Dish Bead,KES 540.00,No discount,https://www.quickmart.co.ke/bass-sugar-dish-bead-26,Quickmart
2026-10-08,sugar,Bass Sugar Dish Clear Crystal,KES 755.00,No discount,https://www.quickmart.co.ke/bass-sugar-dish-clear-crystal-26,Quickmart
2026-10-08,sugar,Clovers Extra Fine Icing Sugar 500G,KES 154.00,No discount,https://www.quickmart.co.ke/clovers-extra-fine-icing-sugar-500g-63,Quickmart
2026-10-08,sugar,Multi Purpose Sugar/Spice Jar,KES 530.00,No discount,https://www.quickmart.co.ke/multi-purpose-sugar/spice-jar-18,Quickmart
2026-10-08,sugar,Jomu Sachrin Sugar 10G,KES 36.00,No discount,https://www.quickmart.co.ke/jomu-sachrin-sugar-10g-23,Quickmart
2026-10-08,sugar,Wow Sugared Snacks 15G,KES 13.00,No discount,https://www.quickmart.co.ke/wow-sugared-snacks-15g-63,Quickmart
2026-10-08,sugar,Red Bull Energy Drink Sugar Free 250Ml,KES 235.00,No discount,https://www.quickmart.co.ke/red-bull-energy-drink-sugar-free-250ml-63,Quickmart
2026-10-08,sugar,Peptang Sugar Free Peanut Butter 800G,KES 516.00,KES 645.00,https://www.quickmart.co.ke/peptang-sugar-free-peanut-butter-800g-66,Quickmart
2026-10-08,sugar,Orbit Strawberry Sugar Free 14G,KES 70.00,No discount,https://www.quickmart.co.ke/orbit-strawberry-sugar-free-14g-42,Quickmart
2026-10-08,sugar,Alicafe No Sugar Tongkat 4-In-1 12G,KES 65.00,No discount,https://www.quickmart.co.ke/alicafe-no-sugar-tongkat-4-in-1-12g-28,Quickmart
2026-10-08,sugar,Wow Sugared Snacks 200G,KES 120.00,No discount,https://www.quickmart.co.ke/wow-sugared-snacks-200g-63,Quickmart
2026-10-08,sugar,Wow Sugared Snacks Puffs 500G,KES 210.00,No discount,https://www.quickmart.co.ke/wow-sugared-snacks-puffs-500g-63,Quickmart
2026-10-08,sugar,Wow Sugared Snacks 100G,KES 72.00,No discount,https://www.quickmart.co.ke/wow-sugared-snacks-100g-63,Quickmart
2026-10-08,sugar,Wow Corn Puff Sugared 50G,KES 47.00,No discount,https://www.quickmart.co.ke/wow-corn-puff-sugared-50g-63,Quickmart
2026-10-08,sugar,Wow Puffed Sugared 15G Sachet 12X4,KES 343.00,No discount,https://www.quickmart.co.ke/wow-puffed-sugared-15g-sachet-12x4-42,Quickmart
2026-10-08,sugar,Wow Puffed Sugared 50G Sachet X 35,"KES 1,400.00",No discount,https://www.quickmart.co.ke/wow-puffed-sugared-50g-sachet-x-35-33,Quickmart
2026-10-08,sugar,Wow Puffed Sugared 8Gr Sachet 12 X 5,KES 17.83,No discount,https://www.quickmart.co.ke/wow-puffed-sugared-8gr-sachet-12-x-5-40,Quickmart
2026-10-08,sugar,Nuvita Shortcake Sugarfree 100Gm,KES 100.00,No discount,https://www.quickmart.co.ke/nuvita-shortcake-sugarfree-100gm-63,Quickmart
2026-10-08,sugar,Sugarcane Per Pc,KES 65.00,No discount,https://www.quickmart.co.ke/sugarcane-per-pc-22,Quickmart
2026-10-08,sugar,Orbit Spearmint Sugarfree Gum 14G,KES 70.00,No discount,https://www.quickmart.co.ke/orbit-spearmint-sugarfree-gum-14g-39,Quickmart
2026-10-08,bread,Festive Milk Bread 800Gms,KES 130.00,No discount,https://www.quickmart.co.ke/festive-milk-bread-800gms-62,Quickmart
2026-10-08,bread,Festive Quarter Bread Wht Bread 400G,KES 65.00,No discount,https://www.quickmart.co.ke/festive-quarter-bread-wht-bread-400g-15,Quickmart
2026-10-08,bread,Festive Milky White Bread 400G,KES 65.00,No discount,https://www.quickmart.co.ke/festive-milky-white-bread-400g-63,Quickmart
2026-10-08,bread,Festive Nature Gold W/Bread 600G,KES 100.00,No discount,https://www.quickmart.co.ke/festive-nature-gold-w/bread-600g-16,Quickmart
2026-10-08,bread,Budget Bread White(800Gm),KES 109.00,KES 119.00,https://www.quickmart.co.ke/budget-bread-white(800gm)-48,Quickmart
2026-10-08,bread,Supa Loaf White Bread Ct 400G,KES 65.00,No discount,https://www.quickmart.co.ke/supa-loaf-white-bread-ct-400g-11,Quickmart
2026-10-08,bread,Budget Bread Brown(800Gm),KES 109.00,KES 119.00,https://www.quickmart.co.ke/budget-bread-brown(800gm)-1,Quickmart
2026-10-08,bread,Supa Loaf Butter Toast Bread 800G,KES 130.00,No discount,https://www.quickmart.co.ke/supa-loaf-butter-toast-bread-800g-47,Quickmart
2026-10-08,bread,Supa Loaf Butter Toast Bread 400G,KES 65.00,No discount,https://www.quickmart.co.ke/supa-loaf-butter-toast-bread-400g-63,Quickmart
2026-10-08,bread,Broadway Brown Sandwich Sliced Bread 600G,KES 98.00,No discount,https://www.quickmart.co.ke/broadway-brown-sandwich-sliced-bread-600g-50,Quickmart
2026-10-08,bread,Broadways White Sliced Bread 400G,KES 65.00,No discount,https://www.quickmart.co.ke/broadways-white-sliced-bread-400g-66,Quickmart
2026-10-08,bread,Broadways Premium Sliced Bread 400G,KES 65.00,No discount,https://www.quickmart.co.ke/broadways-premium-sliced-bread-400g-67,Quickmart
2026-10-08,bread,Broadways Brown Unsliced Bread 200G,KES 33.00,No discount,https://www.quickmart.co.ke/broadways-brown-unsliced-bread-200g-54,Quickmart
2026-10-08,bread,Broadways White Unsliced Bread 200G,KES 33.00,No discount,https://www.quickmart.co.ke/broadways-white-unsliced-bread-200g-47,Quickmart
2026-10-08,bread,Kingsmil Milky White Bread 800G,KES 130.00,No discount,https://www.quickmart.co.ke/kingsmil-milky-white-bread-800g-63,Quickmart
2026-10-08,bread,Supa Loaf White Sliced Sandwich Bread 800G,KES 130.00,No discount,https://www.quickmart.co.ke/supa-loaf-white-sliced-sandwich-bread-800g-63,Quickmart
2026-10-08,bread,Supa Loaf Golden Barrel White Sliced Bread 600G,KES 100.00,No discount,https://www.quickmart.co.ke/supa-loaf-golden-barrel-white-sliced-bread-600g-63,Quickmart
2026-10-08,bread,Supa Loaf White Bread 1.5Kg,KES 240.00,No discount,https://www.quickmart.co.ke/supa-loaf-white-bread-1.5kg-22,Quickmart
2026-10-08,bread,Kingsmil Milky White Bread 600G,KES 100.00,No discount,https://www.quickmart.co.ke/kingsmil-milky-white-bread-600g-63,Quickmart
2026-10-08,bread,Kingsmil Sandwich White Bread 400G,KES 65.00,No discount,https://www.quickmart.co.ke/kingsmil-sandwich-white-bread-400g-24,Quickmart
2026-10-08,bread,Broadways Brown Sliced Bread 400G,KES 65.00,No discount,https://www.quickmart.co.ke/broadways-brown-sliced-bread-400g-67,Quickmart
2026-10-08,bread,Supa Loaf Butter Toast Bread 600G,KES 100.00,No discount,https://www.quickmart.co.ke/supa-loaf-butter-toast-bread-600g-63,Quickmart
2026-10-08,bread,Festive Milky White Bread 1.5Kg,KES 240.00,No discount,https://www.quickmart.co.ke/festive-milky-white-bread-1.5kg-63,Quickmart
2026-10-08,bread,Budget Bread White(600Gm),KES 89.00,No discount,https://www.quickmart.co.ke/budget-bread-white(600gm)-40,Quickmart
2026-10-08,bread,Sats Rich Bread 250Gms,KES 91.00,No discount,https://www.quickmart.co.ke/sats-rich-bread-250gms-16,Quickmart
2026-10-08,bread,Festive Nature Gold W/Bread 400G,KES 65.00,No discount,https://www.quickmart.co.ke/festive-nature-gold-w/bread-400g-19,Quickmart
2026-10-08,bread,Kingsmill Brown Whole Meal Sandwich Bread 800G,KES 130.00,No discount,https://www.quickmart.co.ke/kingsmill-brown-whole-meal-sandwich-bread-800g-63,Quickmart
2026-10-08,bread,Broadways White Sandwich Sliced Bread 800G,KES 130.00,No discount,https://www.quickmart.co.ke/broadways-white-sandwich-sliced-bread-800g-58,Quickmart
2026-10-08,bread,Festive Finest Super Seeded Bread 400G,KES 130.00,No discount,https://www.quickmart.co.ke/festive-finest-super-seeded-bread-400g-63,Quickmart
2026-10-08,bread,Broadways White Sandwich Sliced Bread 600G,KES 98.00,No discount,https://www.quickmart.co.ke/broadways-white-sandwich-sliced-bread-600g-29,Quickmart
2026-10-08,bread,Supa Loaf Butter Toast Bread 1.5Kg,KES 240.00,No discount,https://www.quickmart.co.ke/supa-loaf-butter-toast-bread-1.5kg-63,Quickmart
2026-10-08,bread,Kingsmil Sandwich Wholemeal Bread 400G,KES 65.00,No discount,https://www.quickmart.co.ke/kingsmil-sandwich-wholemeal-bread-400g-60,Quickmart
2026-10-08,bread,Kingsmill Brown Whole Meal Sandwich Bread 600G,KES 100.00,No discount,https://www.quickmart.co.ke/kingsmill-brown-whole-meal-sandwich-bread-600g-63,Quickmart
2026-10-08,bread,Festive Asili Brown Bread 400G Sliced,KES 65.00,No discount,https://www.quickmart.co.ke/festive-asili-brown-bread-400g-sliced-5,Quickmart
2026-10-08,bread,Festive Supreme Whole Meal Bread 800G,KES 130.00,No discount,https://www.quickmart.co.ke/festive-supreme-whole-meal-bread-800g-62,Quickmart
2026-10-08,bread,Supa Loaf Brown Bread 400G Ct,KES 65.00,No discount,https://www.quickmart.co.ke/supa-loaf-brown-bread-400g-ct-2,Quickmart
2026-10-08,bread,Festive Supreme Whole Meal Bread 600G,KES 100.00,No discount,https://www.quickmart.co.ke/festive-supreme-whole-meal-bread-600g-62,Quickmart
2026-10-08,bread,Festive Asili White Bread 400G Sliced,KES 65.00,No discount,https://www.quickmart.co.ke/festive-asili-white-bread-400g-sliced-21,Quickmart
2026-10-08,bread,Budget Bread Brown(600Gm),KES 89.00,No discount,https://www.quickmart.co.ke/budget-bread-brown(600gm)-60,Quickmart
2026-10-08,bread,Broadways Brown Sandwich Sliced Bread 800G,KES 130.00,No discount,https://www.quickmart.co.ke/broadways-brown-sandwich-sliced-bread-800g-10,Quickmart
2026-10-08,bread,Supa Loaf Golden Barrel White Sliced Bread 800G,KES 130.00,No discount,https://www.quickmart.co.ke/supa-loaf-golden-barrel-white-sliced-bread-800g-63,Quickmart
2026-10-08,bread,Sweet Bread(400Gm),KES 65.00,No discount,https://www.quickmart.co.ke/sweet-bread(400gm)-42,Quickmart
2026-10-08,bread,Fresh Banana Bread(800Gm),KES 140.00,No discount,https://www.quickmart.co.ke/fresh-banana-bread(800gm)-11,Quickmart
2026-10-08,bread,Sweet Bread(600Gm),KES 95.00,No discount,https://www.quickmart.co.ke/sweet-bread(600gm)-35,Quickmart
2026-10-08,bread,Festive Whole Meal Brown Sliced Bread 1.5Kg,KES 240.00,No discount,https://www.quickmart.co.ke/festive-whole-meal-brown-sliced-bread-1.5kg-63,Quickmart
2026-10-08,bread,Budget White Bread(1.5Kg),KES 205.00,No discount,https://www.quickmart.co.ke/budget-white-bread(1.5kg)-16,Quickmart
2026-10-08,bread,Budget Bread Brown(400Gm),KES 56.00,No discount,https://www.quickmart.co.ke/budget-bread-brown(400gm)-9,Quickmart
2026-10-08,bread,Budget Bread White(400Gm),KES 56.00,No discount,https://www.quickmart.co.ke/budget-bread-white(400gm)-45,Quickmart
2026-10-08,bread,Supa Loaf Golden Barrel Brown Sliced Bread 600G,KES 100.00,No discount,https://www.quickmart.co.ke/supa-loaf-golden-barrel-brown-sliced-bread-600g-63,Quickmart
2026-10-08,bread,Multigrain Bread(400Gm),KES 99.00,No discount,https://www.quickmart.co.ke/multigrain-bread(400gm)-26,Quickmart
2026-10-08,bread,Budget Bread White(200Gm),KES 30.00,No discount,https://www.quickmart.co.ke/budget-bread-white(200gm)-49,Quickmart
2026-10-08,bread,Coconut Bread(400Gm),KES 75.00,No discount,https://www.quickmart.co.ke/coconut-bread(400gm)-20,Quickmart
2026-10-08,bread,Budget Brown Bread(1.5Kg),KES 205.00,No discount,https://www.quickmart.co.ke/budget-brown-bread(1.5kg)-14,Quickmart
2026-10-08,bread,Multigrain Bread(600Gm),KES 139.00,No discount,https://www.quickmart.co.ke/multigrain-bread(600gm)-53,Quickmart
2026-10-08,bread,Wholemeal Bread(600Gm),KES 135.00,No discount,https://www.quickmart.co.ke/wholemeal-bread(600gm)-14,Quickmart
2026-10-08,bread,Fresh Health Bread(600Gm),KES 120.00,No discount,https://www.quickmart.co.ke/fresh-health-bread(600gm)-53,Quickmart
2026-10-08,bread,Soft Bread Brown(280Gm),KES 60.00,No discount,https://www.quickmart.co.ke/soft-bread-brown(280gm)-47,Quickmart
2026-10-08,bread,Soft Bread White(280Gm),KES 60.00,No discount,https://www.quickmart.co.ke/soft-bread-white(280gm)-62,Quickmart
2026-10-08,bread,Bread Crumbs 500G,KES 240.00,No discount,https://www.quickmart.co.ke/bread-crumbs-500g-53,Quickmart
2026-10-08,bread,Blueband Low Fat Spread For Bread 500G,KES 180.00,KES 200.00,https://www.quickmart.co.ke/blueband-low-fat-spread-for-bread-500g-63,Quickmart
2026-10-08,bread,Supa Bread Crumbs -Regular 200G,KES 110.00,No discount,https://www.quickmart.co.ke/supa-bread-crumbs-regular-200g-5,Quickmart
2026-10-08,bread,Bread Crumbs 250G,KES 126.00,No discount,https://www.quickmart.co.ke/bread-crumbs-250g-66,Quickmart
2026-10-08,bread,Supa Bread Crumbs-Regural 400G,KES 210.00,No discount,https://www.quickmart.co.ke/supa-bread-crumbs-regural-400g-16,Quickmart
2026-10-08,bread,Supa Bread Crumbs-Coarse 400G,KES 210.00,No discount,https://www.quickmart.co.ke/supa-bread-crumbs-coarse-400g-7,Quickmart
2026-10-08,bread,Supa Bread Crumbs-Coarse 200G,KES 110.00,No discount,https://www.quickmart.co.ke/supa-bread-crumbs-coarse-200g-12,Quickmart
2026-10-08,bread,Supa Bread Crumbs -Super Fine 200G,KES 110.00,No discount,https://www.quickmart.co.ke/supa-bread-crumbs-super-fine-200g-5,Quickmart
2026-10-08,bread,Supa Bread Crumbs-Super Fine 400G,KES 210.00,No discount,https://www.quickmart.co.ke/supa-bread-crumbs-super-fine-400g-12,Quickmart
2026-10-08,bread,Festive Milky White 600Gms,KES 100.00,No discount,https://www.quickmart.co.ke/festive-milky-white-600gms-64,Quickmart
2026-10-08,bread,Festivita 600G White,KES 100.00,No discount,https://www.quickmart.co.ke/festivita-600g-white-24,Quickmart
2026-10-08,bread,Festive Whole Meal Brown 400G,KES 65.00,No discount,https://www.quickmart.co.ke/festive-whole-meal-brown-400g-14,Quickmart
2026-10-08,bread,Supa Loaf White Barrel 400G,KES 65.00,No discount,https://www.quickmart.co.ke/supa-loaf-white-barrel-400g-14,Quickmart
2026-10-08,bread,Kenblest Brown Sliced 400G,KES 65.00,No discount,https://www.quickmart.co.ke/kenblest-brown-sliced-400g-40,Quickmart
2026-10-08,bread,Kenblest White Quarter Slice 400G,KES 65.00,No discount,https://www.quickmart.co.ke/kenblest-white-quarter-slice-400g-26,Quickmart
2026-10-08,bread,Festivita 800 White,KES 130.00,No discount,https://www.quickmart.co.ke/festivita-800-white-23,Quickmart
2026-10-08,bread,Supa Loaf White Ct 600G,KES 100.00,No discount,https://www.quickmart.co.ke/supa-loaf-white-ct-600g-56,Quickmart
2026-10-08,bread,Festive Nature Gold White 800G,KES 130.00,No discount,https://www.quickmart.co.ke/festive-nature-gold-white-800g-18,Quickmart
2026-10-08,bread,Festive Long Sliced Rolls 350G,KES 155.00,No discount,https://www.quickmart.co.ke/festive-long-sliced-rolls-350g-63,Quickmart
2026-10-08,bread,Festive Deluxe Rolls 300G,KES 130.00,No discount,https://www.quickmart.co.ke/festive-deluxe-rolls-300g-11,Quickmart
2026-10-08,bread,Mibisco Supa Scones 500G,KES 121.00,No discount,https://www.quickmart.co.ke/mibisco-supa-scones-500g-55,Quickmart
2026-10-08,bread,Festive Premium Sesame Seeds Sliced Burger Buns 300G,KES 145.00,No discount,https://www.quickmart.co.ke/festive-premium-sesame-seeds-sliced-burger-buns-300g-63,Quickmart
2026-10-08,bread,Mill English Muffins 8 Pack 450G,KES 185.00,No discount,https://www.quickmart.co.ke/mill-english-muffins-8-pack-450g-29,Quickmart
2026-10-08,bread,Festive Cream Roll 70G With Chocolate,KES 50.00,No discount,https://www.quickmart.co.ke/festive-cream-roll-70g-with-chocolate-60,Quickmart
2026-10-08,bread,Festive Cream Roll 70G With Vanilla,KES 50.00,No discount,https://www.quickmart.co.ke/festive-cream-roll-70g-with-vanilla-61,Quickmart
2026-10-08,bread,Sweet Moments Ws Burger Bun6'S 380G,KES 115.00,No discount,https://www.quickmart.co.ke/sweet-moments-ws-burger-bun6's-380g-48,Quickmart
2026-10-08,bread,"Festive- Tortilla Wrap - 8""",KES 300.00,No discount,https://www.quickmart.co.ke/festive-tortilla-wrap-8-15,Quickmart
2026-10-08,bread,Festive Ciambella Orange 280G,KES 180.00,No discount,https://www.quickmart.co.ke/festive-ciambella-orange-280g-46,Quickmart
2026-10-08,bread,Millbakers Malting Moment Cookies 200G,KES 125.00,No discount,https://www.quickmart.co.ke/millbakers-malting-moment-cookies-200g-44,Quickmart
2026-10-08,bread,Sweet Moments Ps Burger Bun6S W380G,KES 115.00,No discount,https://www.quickmart.co.ke/sweet-moments-ps-burger-bun6s-w380g-37,Quickmart
2026-10-08,bread,Festive Cupcake Vanilla 8 Pieces 250G,KES 110.00,No discount,https://www.quickmart.co.ke/festive-cupcake-vanilla-8-pieces-250g-63,Quickmart
2026-10-08,bread,Festive Cupcake Orange 6 Pieces 250G,KES 160.00,No discount,https://www.quickmart.co.ke/festive-cupcake-orange-6-pieces-250g-63,Quickmart
2026-10-08,rice,Sunrice Basmati Rice 5Kg,"KES 1,399.00","KES 1,863.00",https://www.quickmart.co.ke/sunrice-basmati-rice-5kg-35,Quickmart
2026-10-08,rice,Pearl Rice Pishori Long 5Kg,"KES 1,299.00","KES 1,600.00",https://www.quickmart.co.ke/pearl-rice-pishori-long-5kg-58,Quickmart
2026-10-08,rice,Guru Blended Prem Pishori Rice 1Kg,KES 217.00,KES 260.00,https://www.quickmart.co.ke/guru-blended-prem-pishori-rice-1kg-53,Quickmart
2026-10-08,rice,Daawat Basmati Rice 5Kg,"KES 1,499.00","KES 1,647.00",https://www.quickmart.co.ke/daawat-basmati-rice-5kg-37,Quickmart
2026-10-08,rice,Cil Pishori Rice 5Kg,"KES 1,499.00",No discount,https://www.quickmart.co.ke/cil-pishori-rice-5kg-23,Quickmart
2026-10-08,rice,Cil Blended Rice 5Kg,KES 828.00,KES 900.00,https://www.quickmart.co.ke/cil-blended-rice-5kg-32,Quickmart
2026-10-08,rice,Guru Premium Blended Pishori Rice 5Kg,KES 999.00,No discount,https://www.quickmart.co.ke/guru-premium-blended-pishori-rice-5kg-36,Quickmart
2026-10-08,rice,Cil Aromatic Pishori Rice 2Kg,KES 604.00,No discount,https://www.quickmart.co.ke/cil-aromatic-pishori-rice-2kg-10,Quickmart
2026-10-08,rice,Cil Blended Rice 2Kg,KES 336.00,KES 365.00,https://www.quickmart.co.ke/cil-blended-rice-2kg-10,Quickmart
2026-10-08,rice,Ranee Rice Long Grain 1Kg,KES 170.00,No discount,https://www.quickmart.co.ke/ranee-rice-long-grain-1kg-26,Quickmart
2026-10-08,rice,Falcon Himalayan Basmati Rice 5Kg,"KES 1,376.00","KES 1,725.00",https://www.quickmart.co.ke/falcon-himalayan-basmati-rice-5kg-29,Quickmart
2026-10-08,rice,Pearl Rice Pishori Long Grain 2Kg,KES 560.00,KES 644.00,https://www.quickmart.co.ke/pearl-rice-pishori-long-grain-2kg-35,Quickmart
2026-10-08,rice,Sunrice Basmati Rice 1Kg,KES 384.00,No discount,https://www.quickmart.co.ke/sunrice-basmati-rice-1kg-36,Quickmart
2026-10-08,rice,Baraka Long Grain Life Rice 5Kg,KES 571.00,KES 672.00,https://www.quickmart.co.ke/baraka-long-grain-life-rice-5kg-32,Quickmart
2026-10-08,rice,Daawat Aromatic Rice 2Kg,KES 549.00,KES 594.00,https://www.quickmart.co.ke/daawat-aromatic-rice-2kg-19,Quickmart
2026-10-08,rice,Pearl Super Basmati Rice 2Kg,KES 629.00,KES 786.00,https://www.quickmart.co.ke/pearl-super-basmati-rice-2kg-23,Quickmart
2026-10-08,rice,Quick Choice Long Grain Rice 2Kg,KES 355.00,No discount,https://www.quickmart.co.ke/quick-choice-long-grain-rice-2kg-95,Quickmart
2026-10-08,rice,Sunrice Long Grain Rice 1Kg,KES 193.00,No discount,https://www.quickmart.co.ke/sunrice-long-grain-rice-1kg-32,Quickmart
2026-10-08,rice,Baraka Life Extra Long Grain Rice 2Kg,KES 228.00,KES 268.00,https://www.quickmart.co.ke/baraka-life-extra-long-grain-rice-2kg-18,Quickmart
2026-10-08,rice,Cil Blended Rice 1Kg,KES 185.00,No discount,https://www.quickmart.co.ke/cil-blended-rice-1kg-26,Quickmart
2026-10-08,rice,Daawat Long Grain Rice 2Kg,KES 299.00,KES 342.00,https://www.quickmart.co.ke/daawat-long-grain-rice-2kg-37,Quickmart
2026-10-08,rice,Daawat Long Grain Rice 5Kg,KES 855.00,No discount,https://www.quickmart.co.ke/daawat-long-grain-rice-5kg-20,Quickmart
2026-10-08,rice,Guru Blended Prem Pishori Rice 2Kg,KES 448.00,KES 518.00,https://www.quickmart.co.ke/guru-blended-prem-pishori-rice-2kg-20,Quickmart
2026-10-08,rice,Daawat Brown Rice 1Kg,KES 329.00,KES 360.00,https://www.quickmart.co.ke/daawat-brown-rice-1kg-24,Quickmart
2026-10-08,rice,224 Aromatic Rice 5Kg,KES 999.00,"KES 1,116.00",https://www.quickmart.co.ke/224-aromatic-rice-5kg-59,Quickmart
2026-10-08,rice,Daawat Biryani Rice 2Kg,KES 499.00,KES 549.00,https://www.quickmart.co.ke/daawat-biryani-rice-2kg-21,Quickmart
2026-10-08,rice,Daawat Biryani Rice 5Kg,"KES 1,359.00",No discount,https://www.quickmart.co.ke/daawat-biryani-rice-5kg-25,Quickmart
2026-10-08,rice,Cil Pishori Aromatic Rice 1Kg,KES 303.00,No discount,https://www.quickmart.co.ke/cil-pishori-aromatic-rice-1kg-36,Quickmart
2026-10-08,rice,Kpl Pakistan Long Grain Rice 2Kg,KES 294.00,KES 324.00,https://www.quickmart.co.ke/kpl-pakistan-long-grain-rice-2kg-34,Quickmart
2026-10-08,rice,Daawat Deli Basmati Rice 5Kg,"KES 1,557.00",No discount,https://www.quickmart.co.ke/daawat-deli-basmati-rice-5kg-37,Quickmart
2026-10-08,rice,Baraka Biryani Life Rice 5Kg,KES 880.00,"KES 1,035.00",https://www.quickmart.co.ke/baraka-biryani-life-rice-5kg-26,Quickmart
2026-10-08,rice,Baraka Basmati Life Rice 5Kg,"KES 1,351.00","KES 1,590.00",https://www.quickmart.co.ke/baraka-basmati-life-rice-5kg-42,Quickmart
2026-10-08,rice,S&S Mwea Pishori Rice 1Kg,KES 302.00,No discount,https://www.quickmart.co.ke/s-s-mwea-pishori-rice-1kg-37,Quickmart
2026-10-08,rice,Pearl Super Basmati Rice 5Kg,"KES 1,559.00","KES 1,955.00",https://www.quickmart.co.ke/pearl-super-basmati-rice-5kg-29,Quickmart
2026-10-08,rice,Kpl Long Grain Rice 5Kg,KES 733.00,KES 800.00,https://www.quickmart.co.ke/kpl-long-grain-rice-5kg-46,Quickmart
2026-10-08,rice,Daawat Basmati Rice 2Kg,KES 666.00,No discount,https://www.quickmart.co.ke/daawat-basmati-rice-2kg-38,Quickmart
2026-10-08,rice,Sunrice Basmati Rice 2Kg,KES 767.00,No discount,https://www.quickmart.co.ke/sunrice-basmati-rice-2kg,Quickmart
2026-10-08,rice,Daawat Basmati Rice 1Kg,KES 334.00,No discount,https://www.quickmart.co.ke/daawat-basmati-rice-1kg-38,Quickmart
2026-10-08,rice,Daawat Long Grain Rice 1Kg,KES 172.00,No discount,https://www.quickmart.co.ke/daawat-long-grain-rice-1kg-37,Quickmart
2026-10-08,rice,Pearl Super Basmati Rice 1Kg,KES 395.00,No discount,https://www.quickmart.co.ke/pearl-super-basmati-rice-1kg-24,Quickmart
2026-10-08,rice,Cil Brown Rice 1Kg,KES 349.00,No discount,https://www.quickmart.co.ke/cil-brown-rice-1kg-47,Quickmart
2026-10-08,rice,Ranee Premium Rice 5Kg,"KES 1,855.00",No discount,https://www.quickmart.co.ke/ranee-premium-rice-5kg-35,Quickmart
2026-10-08,rice,Winnies Brown Rice 1Kg,KES 395.00,No discount,https://www.quickmart.co.ke/winnies-brown-rice-1kg-19,Quickmart
2026-10-08,rice,Sunrice Biryani Rice 5Kg,"KES 1,254.00",No discount,https://www.quickmart.co.ke/sunrice-biryani-rice-5kg-35,Quickmart
2026-10-08,rice,Sunrice Biryani Rice 1Kg,KES 254.00,No discount,https://www.quickmart.co.ke/sunrice-biryani-rice-1kg-27,Quickmart
2026-10-08,rice,Jamii Pishori Rice 2Kg,KES 515.00,No discount,https://www.quickmart.co.ke/jamii-pishori-rice-2kg-21,Quickmart
2026-10-08,rice,Daawat Biryani Rice 1Kg,KES 279.00,No discount,https://www.quickmart.co.ke/daawat-biryani-rice-1kg-58,Quickmart
2026-10-08,rice,Pearl Pishori Rice Long Grain 1Kg,KES 323.00,No discount,https://www.quickmart.co.ke/pearl-pishori-rice-long-grain-1kg-61,Quickmart
2026-10-08,rice,Sunrice Kenya Pishori Rice 2Kg,KES 600.00,No discount,https://www.quickmart.co.ke/sunrice-kenya-pishori-rice-2kg-36,Quickmart
2026-10-08,rice,Ranee Long Grain Rice 5Kg,KES 842.00,No discount,https://www.quickmart.co.ke/ranee-long-grain-rice-5kg-35,Quickmart
2026-10-08,rice,Sunrice Kenya Pishori Rice 5Kg,"KES 1,480.00",No discount,https://www.quickmart.co.ke/sunrice-kenya-pishori-rice-5kg-37,Quickmart
2026-10-08,rice,Family Taste Basmati Rice 5Kg,"KES 1,179.00",No discount,https://www.quickmart.co.ke/family-taste-basmati-rice-5kg-30,Quickmart
2026-10-08,rice,Ranee Premium Basmati Rice 2Kg,KES 746.00,No discount,https://www.quickmart.co.ke/ranee-premium-basmati-rice-2kg-34,Quickmart
2026-10-08,rice,Sunrice Biryani Rice 2Kg,KES 508.00,No discount,https://www.quickmart.co.ke/sunrice-biryani-rice-2kg-26,Quickmart
2026-10-08,rice,Sunrice Long Grain Rice 2Kg,KES 386.00,No discount,https://www.quickmart.co.ke/sunrice-long-grain-rice-2kg-35,Quickmart
2026-10-08,rice,Sunrice Long Grain Rice 5Kg,KES 949.00,No discount,https://www.quickmart.co.ke/sunrice-long-grain-rice-5kg-33,Quickmart
2026-10-08,rice,Merry's Gold Pure Pishori Rice 5Kg,"KES 1,172.00",No discount,https://www.quickmart.co.ke/merry's-gold-pure-pishori-rice-5kg-24,Quickmart
2026-10-08,rice,Cereal Box Sindano Rice Per 500G,KES 115.00,No discount,https://www.quickmart.co.ke/cereal-box-sindano-rice-per-500g-1,Quickmart
2026-10-08,rice,Quick Choice Long Grain Rice 1Kg,KES 170.00,No discount,https://www.quickmart.co.ke/quick-choice-long-grain-rice-1kg-24,Quickmart
2026-10-08,rice,Quick Choice Parboiled Basmati Rice 2Kg,KES 418.00,No discount,https://www.quickmart.co.ke/quick-choice-parboiled-basmati-rice-2kg-35,Quickmart
2026-10-08,rice,S&S Mwea Pishori Rice 5Kg,"KES 1,474.00",No discount,https://www.quickmart.co.ke/s-s-mwea-pishori-rice-5kg-67,Quickmart
2026-10-08,rice,Kcl Mrpp Mwea Variety Rice 2Kg,KES 434.00,No discount,https://www.quickmart.co.ke/kcl-mrpp-mwea-variety-rice-2kg-30,Quickmart
2026-10-08,rice,Quick Choice White Basmatic Rice 2Kg,KES 478.00,No discount,https://www.quickmart.co.ke/quick-choice-white-basmatic-rice-2kg-30,Quickmart
2026-10-08,rice,Ranee Rice Long Grain 2Kg Everyday,KES 339.00,No discount,https://www.quickmart.co.ke/ranee-rice-long-grain-2kg-everyday-63,Quickmart
2026-10-08,rice,Cereal Box Brown Rice Dmc Per 500G,KES 142.50,No discount,https://www.quickmart.co.ke/cereal-box-brown-rice-dmc-per-500g,Quickmart
2026-10-08,rice,Kcl Real Aromatic Pishori/Basmati Rice 2Kg,KES 451.00,No discount,https://www.quickmart.co.ke/kcl-real-aromatic-pishori/basmati-rice-2kg-35,Quickmart
2026-10-08,rice,Cereal Box Mwea Pishori Rice Dmc Per 500G,KES 132.50,No discount,https://www.quickmart.co.ke/cereal-box-mwea-pishori-rice-dmc-per-500g-1,Quickmart
2026-10-08,rice,Fresh Pilau Rice Per 400G,KES 319.60,No discount,https://www.quickmart.co.ke/fresh-pilau-rice-per-400g-46,Quickmart
2026-10-08,rice,Fresh Chicken Chinese Rice Per 400G,KES 287.60,No discount,https://www.quickmart.co.ke/fresh-chicken-chinese-rice-per-400g-53,Quickmart
2026-10-08,rice,Bravo Puppy Chicken & Rice 15Kg,"KES 5,335.00",No discount,https://www.quickmart.co.ke/bravo-puppy-chicken-rice-15kg-31,Quickmart
2026-10-08,rice,Topdog Rice 2Kg,KES 455.00,No discount,https://www.quickmart.co.ke/topdog-rice-2kg-63,Quickmart
2026-10-08,rice,Topdog Rice 10Kg,"KES 2,225.00",No discount,https://www.quickmart.co.ke/topdog-rice-10kg-63,Quickmart
2026-10-08,rice,Scooby Dog Rice 5Kg,"KES 1,050.00",No discount,https://www.quickmart.co.ke/scooby-dog-rice-5kg-28,Quickmart
2026-10-08,rice,Scooby Dog Rice 2Kg,KES 460.00,No discount,https://www.quickmart.co.ke/scooby-dog-rice-2kg-28,Quickmart
2026-10-08,rice,Topdog Puppy Rice & Fish 5Kg,"KES 2,110.00",No discount,https://www.quickmart.co.ke/topdog-puppy-rice-fish-5kg-27,Quickmart
2026-10-08,rice,Topdog Puppy Rice & Fish 2Kg,KES 870.00,No discount,https://www.quickmart.co.ke/topdog-puppy-rice-fish-2kg-28,Quickmart
2026-10-08,rice,Fresh Rice Beans Combo,KES 165.00,No discount,https://www.quickmart.co.ke/fresh-rice-beans-combo-3,Quickmart
2026-10-08,rice,Fresh Vegetable Rice Per 400G,KES 219.60,No discount,https://www.quickmart.co.ke/fresh-vegetable-rice-per-400g-51,Quickmart
2026-10-08,rice,Fresh Cashewnut Rice Per 400G,KES 223.60,No discount,https://www.quickmart.co.ke/fresh-cashewnut-rice-per-400g-57,Quickmart
2026-10-08,rice,Morning Harvest Choco Rice Breakfast Cereal 250G,KES 349.00,No discount,https://www.quickmart.co.ke/morning-harvest-choco-rice-breakfast-cereal-250g-63,Quickmart
2026-10-08,rice,Ascot Rice Plate,KES 190.00,No discount,https://www.quickmart.co.ke/ascot-rice-plate-66,Quickmart
2026-10-08,rice,Nutrameal Rice Flour 1Kg,KES 193.00,No discount,https://www.quickmart.co.ke/nutrameal-rice-flour-1kg-12,Quickmart
2026-10-08,rice,Stargift Nylon Rice Laddle S/Handle,KES 425.00,No discount,https://www.quickmart.co.ke/stargift-nylon-rice-laddle-s/handle-64,Quickmart
2026-10-08,rice,Morning Harvest Choco Rice Breakfast Cereal 450G,KES 579.00,No discount,https://www.quickmart.co.ke/morning-harvest-choco-rice-breakfast-cereal-450g-63,Quickmart
2026-10-08,rice,Cereal Box Basmati Per 500G,KES 162.50,No discount,https://www.quickmart.co.ke/cereal-box-basmati-per-500g,Quickmart
2026-10-08,rice,Ranee Chefs Special Basmati 2Kg,KES 699.00,No discount,https://www.quickmart.co.ke/ranee-chefs-special-basmati-2kg-57,Quickmart
2026-10-08,rice,Pearl Polished Green Grams 500G,KES 124.00,No discount,https://www.quickmart.co.ke/pearl-polished-green-grams-500g-63,Quickmart
2026-10-08,cooking oil,Fresh Fri Vegetable Cooking Oil 5L,"KES 1,499.00","KES 1,600.00",https://www.quickmart.co.ke/fresh-fri-vegetable-cooking-oil-5l-34,Quickmart
2026-10-08,cooking oil,Rina Vegetable Cooking Oil 5L,"KES 1,499.00",No discount,https://www.quickmart.co.ke/rina-vegetable-cooking-oil-5l-63,Quickmart
2026-10-08,cooking oil,Golden Fry Vegetable Cooking Oil 5L,"KES 1,299.00",No discount,https://www.quickmart.co.ke/golden-fry-vegetable-cooking-oil-5l-63,Quickmart
2026-10-08,cooking oil,Avena Vegetable Cooking Oil 5L,"KES 1,610.00",No discount,https://www.quickmart.co.ke/avena-vegetable-cooking-oil-5l-35,Quickmart
2026-10-08,cooking oil,Top Fry Vegetable Cooking Oil 5L,"KES 1,399.00","KES 1,457.00",https://www.quickmart.co.ke/top-fry-vegetable-cooking-oil-5l-63,Quickmart
2026-10-08,cooking oil,Fresh Fri Cooking Oil 3L,"KES 1,060.00",No discount,https://www.quickmart.co.ke/fresh-fri-cooking-oil-3l-45,Quickmart
2026-10-08,cooking oil,Top Fry Vegetable Cooking Oil 3L,KES 854.00,KES 889.00,https://www.quickmart.co.ke/top-fry-vegetable-cooking-oil-3l-63,Quickmart
2026-10-08,cooking oil,Rina Vegetable Cooking Oil 2L,KES 635.00,No discount,https://www.quickmart.co.ke/rina-vegetable-cooking-oil-2l-37,Quickmart
2026-10-08,cooking oil,Rina Vegetable Cooking Oil 1L,KES 326.00,KES 360.00,https://www.quickmart.co.ke/rina-vegetable-cooking-oil-1l-63,Quickmart
2026-10-08,cooking oil,Fresh Fri Vegetable Cooking Oil 1L,KES 350.00,No discount,https://www.quickmart.co.ke/fresh-fri-vegetable-cooking-oil-1l-33,Quickmart
2026-10-08,cooking oil,Top Fry Vegetable Cooking Oil 2L,KES 580.00,KES 595.00,https://www.quickmart.co.ke/top-fry-vegetable-cooking-oil-2l-63,Quickmart
2026-10-08,cooking oil,Top Fry Vegetable Cooking Oil 500Ml,KES 151.00,KES 159.00,https://www.quickmart.co.ke/top-fry-vegetable-cooking-oil-500ml-63,Quickmart
2026-10-08,cooking oil,Rina Vegetable Cooking Oil 3L,KES 965.00,No discount,https://www.quickmart.co.ke/rina-vegetable-cooking-oil-3l-63,Quickmart
2026-10-08,cooking oil,Top Fry Vegetable Cooking Oil 1L,KES 295.00,KES 311.00,https://www.quickmart.co.ke/top-fry-vegetable-cooking-oil-1l-63,Quickmart
2026-10-08,cooking oil,Golden Fry Vegetable Cooking Oil 2L,KES 599.00,No discount,https://www.quickmart.co.ke/golden-fry-vegetable-cooking-oil-2l-35,Quickmart
2026-10-08,cooking oil,Rinsun Sunflower Cooking Oil 3L,"KES 1,247.00","KES 1,385.00",https://www.quickmart.co.ke/rinsun-sunflower-cooking-oil-3l-34,Quickmart
2026-10-08,cooking oil,Rinsun 100% Sunflower Cooking Oil 2L,KES 860.00,KES 955.00,https://www.quickmart.co.ke/rinsun-100-sunflower-cooking-oil-2l-36,Quickmart
2026-10-08,cooking oil,Fresh Fri Vegetable Cooking Oil 2L,KES 680.00,No discount,https://www.quickmart.co.ke/fresh-fri-vegetable-cooking-oil-2l-35,Quickmart
2026-10-08,cooking oil,Fresh Fri Vegetable Cooking Oil 10L,"KES 2,920.00",No discount,https://www.quickmart.co.ke/fresh-fri-vegetable-cooking-oil-10l-36,Quickmart
2026-10-08,cooking oil,Rinsun Sunflower Cooking Oil 5L,"KES 1,859.00","KES 2,065.00",https://www.quickmart.co.ke/rinsun-sunflower-cooking-oil-5l-35,Quickmart
2026-10-08,cooking oil,Elianto Corn Cooking Oil 5L,"KES 2,623.00",No discount,https://www.quickmart.co.ke/elianto-corn-cooking-oil-5l-36,Quickmart
2026-10-08,cooking oil,Rinsun 100% Sunflower Cooking Oil 1L,KES 441.00,KES 490.00,https://www.quickmart.co.ke/rinsun-100-sunflower-cooking-oil-1l-35,Quickmart
2026-10-08,cooking oil,Rina Vegetable Cooking Oil 10L,"KES 2,950.00",No discount,https://www.quickmart.co.ke/rina-vegetable-cooking-oil-10l-37,Quickmart
2026-10-08,cooking oil,Fresh Fri Vegetable Cooking Oil 3L,"KES 1,060.00",No discount,https://www.quickmart.co.ke/fresh-fri-vegetable-cooking-oil-3l-32,Quickmart
2026-10-08,cooking oil,Kimbo Premium Cooking Oil 2L,KES 790.00,No discount,https://www.quickmart.co.ke/kimbo-premium-cooking-oil-2l-36,Quickmart
2026-10-08,cooking oil,Avena Vegetable Cooking Oil 3L,"KES 1,075.00",No discount,https://www.quickmart.co.ke/avena-vegetable-cooking-oil-3l-35,Quickmart
2026-10-08,cooking oil,Fresh Fri Vegetable Cooking Oil 500Ml,KES 190.00,No discount,https://www.quickmart.co.ke/fresh-fri-vegetable-cooking-oil-500ml-32,Quickmart
2026-10-08,cooking oil,Golden Fry Vegetable Cooking Oil 1L,KES 358.00,No discount,https://www.quickmart.co.ke/golden-fry-vegetable-cooking-oil-1l-63,Quickmart
2026-10-08,cooking oil,Rina Vegetable Cooking Oil 20L,"KES 5,780.00",No discount,https://www.quickmart.co.ke/rina-vegetable-cooking-oil-20l-35,Quickmart
2026-10-08,cooking oil,Elianto Corn Cooking Oil 3L,"KES 1,692.00",No discount,https://www.quickmart.co.ke/elianto-corn-cooking-oil-3l-36,Quickmart
2026-10-08,cooking oil,Elianto Corn Cooking Oil 1L,KES 599.00,No discount,https://www.quickmart.co.ke/elianto-corn-cooking-oil-1l-37,Quickmart
2026-10-08,cooking oil,Elianto Corn Cooking Oil 2Lt,"KES 1,197.00",No discount,https://www.quickmart.co.ke/elianto-corn-cooking-oil-2lt-34,Quickmart
2026-10-08,cooking oil,Avena Vegetable Cooking Oil 10L,"KES 2,935.00",No discount,https://www.quickmart.co.ke/avena-vegetable-cooking-oil-10l-36,Quickmart
2026-10-08,cooking oil,Pika Vegetable Cooking Oil 20L,"KES 5,650.00",No discount,https://www.quickmart.co.ke/pika-vegetable-cooking-oil-20l-35,Quickmart
2026-10-08,cooking oil,Sun Gold Seed Cooking Oil 1L,KES 425.00,No discount,https://www.quickmart.co.ke/sun-gold-seed-cooking-oil-1l-35,Quickmart
2026-10-08,cooking oil,Sun Gold Seed Cooking Oil 5L,"KES 1,825.00",No discount,https://www.quickmart.co.ke/sun-gold-seed-cooking-oil-5l-36,Quickmart
2026-10-08,cooking oil,Sun Gold Seed Cooking Oil 3L,"KES 1,221.00",No discount,https://www.quickmart.co.ke/sun-gold-seed-cooking-oil-3l-33,Quickmart
2026-10-08,cooking oil,Postman Vegetable Cooking Oil 10 Litres,"KES 2,700.00",No discount,https://www.quickmart.co.ke/postman-vegetable-cooking-oil-10-litres-34,Quickmart
2026-10-08,cooking oil,Golden Fry Vegetable Cooking Oil 3L,KES 945.00,No discount,https://www.quickmart.co.ke/golden-fry-vegetable-cooking-oil-3l-63,Quickmart
2026-10-08,cooking oil,Fresh Fri Cooking Oil 15L With A Tap,"KES 4,200.00",No discount,https://www.quickmart.co.ke/fresh-fri-cooking-oil-15l-with-a-tap-34,Quickmart
2026-10-08,cooking oil,Kentaste Coconut Oil 200Ml/250Ml,KES 419.00,No discount,https://www.quickmart.co.ke/kentaste-coconut-oil-200ml/250ml-23,Quickmart
2026-10-08,cooking oil,Kasuku Pure White Cooking Fat 500G,KES 170.00,KES 220.00,https://www.quickmart.co.ke/kasuku-pure-white-cooking-fat-500g-63,Quickmart
2026-10-08,cooking oil,Cowboy Spesheli Cooking Fat 500G,KES 192.00,No discount,https://www.quickmart.co.ke/cowboy-spesheli-cooking-fat-500g-37,Quickmart
2026-10-08,cooking oil,Cowboy Spesheli Cooking Fat 2Kg,KES 738.00,No discount,https://www.quickmart.co.ke/cowboy-spesheli-cooking-fat-2kg-63,Quickmart
2026-10-08,cooking oil,Tropical Coconut Oil 65Ml,KES 110.00,No discount,https://www.quickmart.co.ke/tropical-coconut-oil-65ml-53,Quickmart
2026-10-08,cooking oil,Bidco Chipsy Pure Yellow Vegetable Cooking Fat 500G,KES 192.00,No discount,https://www.quickmart.co.ke/bidco-chipsy-pure-yellow-vegetable-cooking-fat-500g-63,Quickmart
2026-10-08,cooking oil,Pika Veg Oil 20L,"KES 4,990.00",No discount,https://www.quickmart.co.ke/pika-veg-oil-20l-60,Quickmart
2026-10-08,cooking oil,Bidco Chipsy Pure Yellow Cooking Fat 1Kg,KES 377.00,No discount,https://www.quickmart.co.ke/bidco-chipsy-pure-yellow-cooking-fat-1kg-36,Quickmart
2026-10-08,cooking oil,Famrico Extra Virgin Coconut Oil - 150Ml,KES 185.00,No discount,https://www.quickmart.co.ke/famrico-extra-virgin-coconut-oil-150ml-20,Quickmart
2026-10-08,cooking oil,Cowboy Spesheli Cooking Fat 1Kg,KES 377.00,No discount,https://www.quickmart.co.ke/cowboy-spesheli-cooking-fat-1kg-63,Quickmart
2026-10-08,cooking oil,Kentaste Virgin Coconut Oil 15Ml 1Pc,KES 20.00,No discount,https://www.quickmart.co.ke/kentaste-virgin-coconut-oil-15ml-1pc-24,Quickmart
2026-10-08,cooking oil,Rinsun 100% Sunflower Oil 500Ml,KES 245.00,No discount,https://www.quickmart.co.ke/rinsun-100-sunflower-oil-500ml-63,Quickmart
2026-10-08,cooking oil,Kentaste Coconut Oil 60Ml,KES 104.00,No discount,https://www.quickmart.co.ke/kentaste-coconut-oil-60ml-50,Quickmart
2026-10-08,cooking oil,Tiara Toilet Paper - 10 Pack,KES 385.00,No discount,https://www.quickmart.co.ke/tiara-toilet-paper-10-pack-61,Quickmart
2026-10-08,cooking oil,Rosy Extra Toilet Tissue 10 Pack,KES 325.00,No discount,https://www.quickmart.co.ke/rosy-extra-toilet-tissue-10-pack-51,Quickmart
2026-10-08,cooking oil,Celine Roll Poa Virgin White Toilet Tissue Roll 10 Pack,KES 271.00,KES 295.00,https://www.quickmart.co.ke/celine-roll-poa-virgin-white-toilet-tissue-roll-10-pack-63,Quickmart
2026-10-08,cooking oil,Panda Toilet Rolls 4 Pack,KES 170.00,KES 190.00,https://www.quickmart.co.ke/panda-toilet-rolls-4-pack-63,Quickmart
2026-10-08,cooking oil,Hanan Toilet Paper White 10 Pack,KES 595.00,No discount,https://www.quickmart.co.ke/hanan-toilet-paper-white-10-pack-63,Quickmart
2026-10-08,cooking oil,Tiara Toilet Paper - 4 Pack,KES 155.00,No discount,https://www.quickmart.co.ke/tiara-toilet-paper-4-pack-21,Quickmart
2026-10-08,cooking oil,Rosy White Toilet Rolls 4 Pack,KES 160.00,No discount,https://www.quickmart.co.ke/rosy-white-toilet-rolls-4-pack-63,Quickmart
2026-10-08,cooking oil,Hurricane Toilet Cleaner - 500Ml Value Pack,KES 375.00,No discount,https://www.quickmart.co.ke/hurricane-toilet-cleaner-500ml-value-pack-20,Quickmart
2026-10-08,cooking oil,Toilex White Toilet Rolls 10 Pack,KES 374.00,KES 435.00,https://www.quickmart.co.ke/toilex-white-toilet-rolls-10-pack-63,Quickmart
2026-10-08,cooking oil,Tena Toilet Rolls White 10 Pack,KES 475.00,No discount,https://www.quickmart.co.ke/tena-toilet-rolls-white-10-pack-63,Quickmart
2026-10-08,cooking oil,Toilex White Tissue - 4 Pack,KES 176.00,No discount,https://www.quickmart.co.ke/toilex-white-tissue-4-pack-62,Quickmart
2026-10-08,cooking oil,Fay Toilet Roll White 10 Pack,KES 445.00,KES 595.00,https://www.quickmart.co.ke/fay-toilet-roll-white-10-pack-63,Quickmart
2026-10-08,cooking oil,Bella Jumbo Toilet Paper Roll 1 Piece,KES 155.00,No discount,https://www.quickmart.co.ke/bella-jumbo-toilet-paper-roll-1-piece-63,Quickmart
2026-10-08,cooking oil,Toilex White Serviettes - 105 Sheets,KES 79.00,KES 105.00,https://www.quickmart.co.ke/toilex-white-serviettes-105-sheets-31,Quickmart
2026-10-08,cooking oil,Velvex Aluminum Foil 45 Cm X 5 Mt,KES 240.00,No discount,https://www.quickmart.co.ke/velvex-aluminum-foil-45-cm-x-5-mt-63,Quickmart
2026-10-08,cooking oil,Vim Lavender Toilet Cleaner 500Ml,KES 299.00,No discount,https://www.quickmart.co.ke/vim-lavender-toilet-cleaner-500ml-24,Quickmart
2026-10-08,cooking oil,Bella Toilet Tissue - 4 Pack,KES 150.00,No discount,https://www.quickmart.co.ke/bella-toilet-tissue-4-pack-59,Quickmart
2026-10-08,cooking oil,Hanan Toilet Paper White 4 Pack,KES 240.00,No discount,https://www.quickmart.co.ke/hanan-toilet-paper-white-4-pack-63,Quickmart
2026-10-08,cooking oil,Loosafe Blue Toilet Cleaner Acidic 500Ml,KES 185.00,KES 305.00,https://www.quickmart.co.ke/loosafe-blue-toilet-cleaner-acidic-500ml-38,Quickmart
2026-10-08,cooking oil,Loosafe Toilet Cleaner Lemon Citrus 500Ml,KES 185.00,KES 305.00,https://www.quickmart.co.ke/loosafe-toilet-cleaner-lemon-citrus-500ml-34,Quickmart
2026-10-08,cooking oil,Flora Longer Lasting Toilet Paper Rolls 4 Pack,KES 130.00,No discount,https://www.quickmart.co.ke/flora-longer-lasting-toilet-paper-rolls-4-pack-63,Quickmart
2026-10-08,cooking oil,Velvex Aluminium Foil Emb 30Cmx5M,KES 165.00,No discount,https://www.quickmart.co.ke/velvex-aluminium-foil-emb-30cmx5m-63,Quickmart
2026-10-08,cooking oil,Petals Toilet Tissue - 10 Pack,KES 299.00,KES 455.00,https://www.quickmart.co.ke/petals-toilet-tissue-10-pack-26,Quickmart
2026-10-08,cooking oil,Tropikal Toilet Cleaner Fresh - 500Ml,KES 395.00,No discount,https://www.quickmart.co.ke/tropikal-toilet-cleaner-fresh-500ml-44,Quickmart
2026-10-08,cooking oil,Dawn Pekee Toilet Tissue - 4 Pack,KES 128.00,No discount,https://www.quickmart.co.ke/dawn-pekee-toilet-tissue-4-pack-57,Quickmart
2026-10-08,cooking oil,Nice And Lovely New Flawless Bio Body Oil 100Ml,KES 750.00,No discount,https://www.quickmart.co.ke/nice-and-lovely-new-flawless-bio-body-oil-100ml-63,Quickmart
2026-10-08,cooking oil,Bella Toilet Tissue - 2 Pack,KES 80.00,No discount,https://www.quickmart.co.ke/bella-toilet-tissue-2-pack-62,Quickmart
2026-10-08,cooking oil,Hanan Toilet Rolls 15 Pack,KES 825.00,No discount,https://www.quickmart.co.ke/hanan-toilet-rolls-15-pack-63,Quickmart
2026-10-08,cooking oil,Toilex Toilet Tissue Printed Blue - 4 Pack Unwrapped,KES 176.00,No discount,https://www.quickmart.co.ke/toilex-toilet-tissue-printed-blue-4-pack-unwrapped-59,Quickmart
2026-10-08,cooking oil,Flora White Toilet Paper Rolls 10 Pack,KES 339.00,No discount,https://www.quickmart.co.ke/flora-white-toilet-paper-rolls-10-pack-63,Quickmart
2026-10-08,maize flour,Jogoo Maize Meal Flour 2Kg,KES 168.00,No discount,https://www.quickmart.co.ke/jogoo-maize-meal-flour-2kg-34,Quickmart
2026-10-08,maize flour,Ajab Premium Sifted Maize Meal Flour 2Kg,KES 177.00,No discount,https://www.quickmart.co.ke/ajab-premium-sifted-maize-meal-flour-2kg-35,Quickmart
2026-10-08,maize flour,Raha Premium Maize Meal Flour 2Kg,KES 197.00,No discount,https://www.quickmart.co.ke/raha-premium-maize-meal-2-kg-11,Quickmart
2026-10-08,maize flour,Lea Premium Maize Meal Flour 2Kg,KES 178.00,KES 196.00,https://www.quickmart.co.ke/lea-premium-maize-meal-flour-2kg-35,Quickmart
2026-10-08,maize flour,Mfalme Sifted Maize Meal Flour 2Kg,KES 149.00,No discount,https://www.quickmart.co.ke/mfalme-sifted-maize-meal-flour-2kg-34,Quickmart
2026-10-08,maize flour,Joymax Maize Meal Flour 5Kg,KES 345.00,No discount,https://www.quickmart.co.ke/joymax-maize-meal-flour-5kg-32,Quickmart
2026-10-08,maize flour,Spenza Premium Maize Meal Flour 2Kg,KES 187.00,KES 202.00,https://www.quickmart.co.ke/spenza-premium-maize-meal-flour-2kg-35,Quickmart
2026-10-08,maize flour,Joymax Maize Meal Flour 10Kg,KES 645.00,No discount,https://www.quickmart.co.ke/joymax-maize-meal-flour-10kg-41,Quickmart
2026-10-08,maize flour,Spenza Premium Maize Meal 1Kg,KES 96.00,KES 103.00,https://www.quickmart.co.ke/spenza-premium-maize-meal-1kg-66,Quickmart
2026-10-08,maize flour,Pembe Maize Meal Flour 10Kg,KES 780.00,KES 820.00,https://www.quickmart.co.ke/pembe-maize-meal-flour-10kg-38,Quickmart
2026-10-08,maize flour,Ndovu Maize Meal Flour 5Kg,KES 350.00,No discount,https://www.quickmart.co.ke/ndovu-maize-meal-flour-5kg-51,Quickmart
2026-10-08,maize flour,Raha Premium Maize Meal Flour 5Kg,KES 495.00,No discount,https://www.quickmart.co.ke/raha-premium-maize-meal-5-kg-24,Quickmart
2026-10-08,maize flour,Joymax Maize Meal Flour 2Kg,KES 140.00,No discount,https://www.quickmart.co.ke/joymax-maize-meal-flour-2kg-34,Quickmart
2026-10-08,maize flour,Ndovu Maize Meal Flour 1Kg,KES 67.00,No discount,https://www.quickmart.co.ke/ndovu-maize-meal-flour-1kg-50,Quickmart
2026-10-08,maize flour,Lea Premium Maize Meal Flour 1Kg,KES 99.00,No discount,https://www.quickmart.co.ke/lea-premium-maize-meal-flour-1kg-37,Quickmart
2026-10-08,maize flour,Oryx Premium Maize Meal Flour 2Kg,KES 159.00,No discount,https://www.quickmart.co.ke/oryx-premium-maize-meal-flour-2kg-34,Quickmart
2026-10-08,maize flour,Ndovu Maize Meal Flour 10Kg,KES 685.00,No discount,https://www.quickmart.co.ke/ndovu-maize-meal-flour-10kg-51,Quickmart
2026-10-08,maize flour,Pembe Maize Flour 2Kg,KES 139.00,KES 155.00,https://www.quickmart.co.ke/pembe-maize-flour-2kg-56,Quickmart
2026-10-08,maize flour,Ndovu Maize Flour 2Kg,KES 130.00,No discount,https://www.quickmart.co.ke/ndovu-maize-flour-2kg-23,Quickmart
2026-10-08,maize flour,Soko Maize Flour 2Kg,KES 149.00,KES 161.00,https://www.quickmart.co.ke/soko-maize-flour-2kg-45,Quickmart
2026-10-08,maize flour,210 Sifted Maize Flour 2Kg,KES 147.00,KES 152.00,https://www.quickmart.co.ke/210-sifted-maize-flour-2kg-52,Quickmart
2026-10-08,maize flour,Amaize Flour 2Kg,KES 178.00,KES 193.00,https://www.quickmart.co.ke/amaize-flour-2kg-46,Quickmart
2026-10-08,maize flour,Dola Maize Flour 2Kg,KES 141.00,No discount,https://www.quickmart.co.ke/dola-maize-flour-2kg-35,Quickmart
2026-10-08,maize flour,Swan Maize Flour 2Kg,KES 142.00,No discount,https://www.quickmart.co.ke/swan-maize-flour-2kg-41,Quickmart
2026-10-08,maize flour,Famila Ujimix Sour 1Kg,KES 165.00,No discount,https://www.quickmart.co.ke/famila-ujimix-sour-1kg-53,Quickmart
2026-10-08,maize flour,Grainmill Quick Breakfast Oats 1Kg,KES 372.00,KES 465.00,https://www.quickmart.co.ke/grainmill-quick-breakfast-oats-1kg-20,Quickmart
2026-10-08,maize flour,Winnie Ugali Afya Flour 2Kg,KES 305.00,No discount,https://www.quickmart.co.ke/winnie-ugali-afya-flour-2kg-37,Quickmart
2026-10-08,maize flour,Soko Maize Flour 5Kg,KES 407.00,No discount,https://www.quickmart.co.ke/soko-maize-flour-5kg-59,Quickmart
2026-10-08,maize flour,Kol Corn Flour 400G,KES 99.00,KES 120.00,https://www.quickmart.co.ke/kol-corn-flour-400g-35,Quickmart
2026-10-08,maize flour,Pembe Maize Flour 1Kg,KES 78.00,KES 85.00,https://www.quickmart.co.ke/pembe-maize-flour-1kg-60,Quickmart
2026-10-08,maize flour,Grainmill Oat Flour 1Kg,KES 400.00,KES 499.00,https://www.quickmart.co.ke/grainmill-oat-flour-1kg-27,Quickmart
2026-10-08,maize flour,Butterfly Grains Popcorn Kernels 500G,KES 200.00,No discount,https://www.quickmart.co.ke/butterfly-grains-popcorn-kernels-500g-63,Quickmart
2026-10-08,maize flour,Soko Maize Flour 10Kg,KES 809.00,No discount,https://www.quickmart.co.ke/soko-maize-flour-10kg-48,Quickmart
2026-10-08,maize flour,Hostess Maize Flour 2Kg,KES 199.00,No discount,https://www.quickmart.co.ke/hostess-maize-flour-2kg-57,Quickmart
2026-10-08,maize flour,Butterfly Semolina Flour 1Kg,KES 225.00,No discount,https://www.quickmart.co.ke/butterfly-semolina-flour-1kg-36,Quickmart
2026-10-08,maize flour,Clovers Cornflour 400G,KES 97.00,No discount,https://www.quickmart.co.ke/clovers-cornflour-400g-27,Quickmart
2026-10-08,maize flour,Nutrameal Imported Popcorn Kernels 500G,KES 190.00,No discount,https://www.quickmart.co.ke/nutrameal-imported-popcorn-kernels-500g-63,Quickmart
2026-10-08,maize flour,Soko Maize Flour 1Kg,KES 82.00,No discount,https://www.quickmart.co.ke/soko-maize-flour-1kg-12,Quickmart
2026-10-08,maize flour,Grainmill Quick Breakfast Oats 250G,KES 150.00,No discount,https://www.quickmart.co.ke/grainmill-quick-breakfast-oats-250g-20,Quickmart
2026-10-08,maize flour,Soko Afya Whole Grain Maize Flour 2Kg,KES 199.00,No discount,https://www.quickmart.co.ke/soko-afya-whole-grain-maize-flour-2kg-59,Quickmart
2026-10-08,maize flour,Nutrameal Rice Flour 1Kg,KES 193.00,No discount,https://www.quickmart.co.ke/nutrameal-rice-flour-1kg-12,Quickmart
2026-10-08,maize flour,Zesta Corn Flour 250G,KES 85.00,No discount,https://www.quickmart.co.ke/zesta-corn-flour-250g-39,Quickmart
2026-10-08,maize flour,Winnie Ugali Afya Flour 1Kg,KES 154.00,No discount,https://www.quickmart.co.ke/winnie-ugali-afya-flour-1kg-36,Quickmart
2026-10-08,maize flour,Winnie Uji Afya Flour 1Kg,KES 179.00,No discount,https://www.quickmart.co.ke/winnie-uji-afya-flour-1kg-39,Quickmart
2026-10-08,maize flour,Jogoo Maize Flour 5Kg,KES 436.00,No discount,https://www.quickmart.co.ke/jogoo-maize-flour-5kg-26,Quickmart
2026-10-08,maize flour,Jogoo Maize Flour 10Kg,KES 860.00,No discount,https://www.quickmart.co.ke/jogoo-maize-flour-10kg-30,Quickmart
2026-10-08,maize flour,Mama Maize Flour 2Kg,KES 150.00,No discount,https://www.quickmart.co.ke/mama-maize-flour-2kg-32,Quickmart
2026-10-08,maize flour,Soko Nutrigo Flour 1Kg,KES 144.00,No discount,https://www.quickmart.co.ke/soko-nutrigo-1kg-19,Quickmart
2026-10-08,maize flour,Shelled Maize Per Kg,KES 329.00,No discount,https://www.quickmart.co.ke/shelled-maize-per-kg-23,Quickmart
2026-10-08,maize flour,Grainmill Oat Flour 250G,KES 165.00,No discount,https://www.quickmart.co.ke/grainmill-oat-flour-250g-22,Quickmart
2026-10-08,maize flour,Grainmill Jumbo Oats 1Kg,KES 372.00,KES 465.00,https://www.quickmart.co.ke/grainmill-jumbo-oats-1kg-24,Quickmart
2026-10-08,maize flour,Fresh Pasua Smokie Pack,KES 75.00,No discount,https://www.quickmart.co.ke/fresh-pasua-smokie-pack,Quickmart
2026-10-08,maize flour,Ugali & Beef Combo Per Pc,KES 159.00,No discount,https://www.quickmart.co.ke/ugali-beef-combo-per-pc-30,Quickmart
2026-10-08,maize flour,Kingsmill Brown Whole Meal Sandwich Bread 600G,KES 100.00,No discount,https://www.quickmart.co.ke/kingsmill-brown-whole-meal-sandwich-bread-600g-63,Quickmart
2026-10-08,maize flour,Sweet Moments Ws Burger Bun6'S 380G,KES 115.00,No discount,https://www.quickmart.co.ke/sweet-moments-ws-burger-bun6's-380g-48,Quickmart
2026-10-08,maize flour,Spicy/Plain Bazenga Smokies Per Pc,KES 65.00,No discount,https://www.quickmart.co.ke/spicy/plain-bazenga-smokies-per-pc,Quickmart
2026-10-08,maize flour,Fresh Lyon Baza Combo Pack,KES 145.00,No discount,https://www.quickmart.co.ke/fresh-lyon-baza-combo-pack-51,Quickmart
2026-10-08,maize flour,Grainmill Jumbo Oats 500G,KES 265.00,No discount,https://www.quickmart.co.ke/grainmill-jumbo-oats-500g-21,Quickmart
2026-10-08,maize flour,Ngw-Grainmill Jumbo Oats 250G,KES 150.00,No discount,https://www.quickmart.co.ke/ngw-grainmill-jumbo-oats-250g-39,Quickmart
2026-10-08,maize flour,Fresh Bhajia Nyama Combo Pack,KES 160.00,No discount,https://www.quickmart.co.ke/fresh-bhajia-nyama-combo-pack-42,Quickmart
2026-10-08,maize flour,Fresh Paella Lunch Pack,KES 145.00,No discount,https://www.quickmart.co.ke/fresh-paella-lunch-pack-41,Quickmart
2026-10-08,maize flour,Fresh Easy Ham Sandwich,KES 105.00,No discount,https://www.quickmart.co.ke/fresh-easy-ham-sandwich-57,Quickmart
2026-10-08,maize flour,Fresh Chicken Burger Chap Chap,KES 145.00,No discount,https://www.quickmart.co.ke/fresh-chicken-burger-chap-chap-17,Quickmart
2026-10-08,maize flour,Festive Whole Meal Brown Sliced Bread 1.5Kg,KES 240.00,No discount,https://www.quickmart.co.ke/festive-whole-meal-brown-sliced-bread-1.5kg-63,Quickmart
2026-10-08,maize flour,Fresh Paella Per 250G,KES 232.50,No discount,https://www.quickmart.co.ke/fresh-paella-per-250g-10,Quickmart
2026-10-08,maize flour,Cereal Box Jumbo Oats Per 100G,KES 72.00,No discount,https://www.quickmart.co.ke/cereal-box-jumbo-oats-per-100g,Quickmart
2026-10-08,maize flour,Festive Supreme Whole Meal Bread 600G,KES 100.00,No discount,https://www.quickmart.co.ke/festive-supreme-whole-meal-bread-600g-62,Quickmart
2026-10-08,maize flour,Fresh Masala Combo Pack,KES 130.00,No discount,https://www.quickmart.co.ke/fresh-masala-combo-pack-27,Quickmart
2026-10-08,maize flour,Morning Harvest Jumbo Oats 500G Box,KES 329.00,No discount,https://www.quickmart.co.ke/morning-harvest-jumbo-oats-500g-box-27,Quickmart
2026-10-08,maize flour,Morning Harvest Instant White Oats 500G,KES 299.00,No discount,https://www.quickmart.co.ke/morning-harvest-instant-white-oats-500g-30,Quickmart
2026-10-08,maize flour,Fresh Spicy Chapati Combo Pack,KES 130.00,No discount,https://www.quickmart.co.ke/fresh-spicy-chapati-combo-pack-21,Quickmart
2026-10-08,maize flour,Fresh Mukimo Combo Pack,KES 340.00,No discount,https://www.quickmart.co.ke/fresh-mukimo-combo-pack-24,Quickmart
2026-10-08,maize flour,Fresh Bhajia Wings Combo,KES 350.00,No discount,https://www.quickmart.co.ke/fresh-bhajia-wings-combo-21,Quickmart
2026-10-08,maize flour,Qm Beef Medallions Per 200G,KES 360.00,No discount,https://www.quickmart.co.ke/qm-beef-medallions-per-200g-61,Quickmart
2026-10-08,maize flour,Beef Stir Fry Per 500G,KES 699.50,No discount,https://www.quickmart.co.ke/beef-stir-fry-per-500g-21,Quickmart
2026-10-08,wheat flour,Lotus Home Baking Flour 2Kg,KES 170.00,No discount,https://www.quickmart.co.ke/lotus-home-baking-flour-2kg-49,Quickmart
2026-10-08,wheat flour,Ajab Home Baking Flour 2Kg,KES 182.00,No discount,https://www.quickmart.co.ke/ajab-home-baking-flour-2kg-41,Quickmart
2026-10-08,wheat flour,Pembe Home Baking Flour 2Kg,KES 174.00,KES 189.00,https://www.quickmart.co.ke/pembe-home-baking-flour-2kg-40,Quickmart
2026-10-08,wheat flour,210 Home Baking Flour 2Kg,KES 182.00,No discount,https://www.quickmart.co.ke/210-home-baking-flour-2kg-58,Quickmart
2026-10-08,wheat flour,Raha Home Baking Flour 2Kg,KES 185.00,No discount,https://www.quickmart.co.ke/raha-home-baking-flour-2kg-21,Quickmart
2026-10-08,wheat flour,Ajab Home Baking Flour 1Kg,KES 96.00,No discount,https://www.quickmart.co.ke/ajab-home-baking-flour-1kg-50,Quickmart
2026-10-08,wheat flour,Pembe Home Baking Flour 1Kg,KES 93.00,KES 100.00,https://www.quickmart.co.ke/pembe-home-baking-flour-1kg-39,Quickmart
2026-10-08,wheat flour,Ndovu Home Baking Flour 1Kg,KES 96.00,No discount,https://www.quickmart.co.ke/ndovu-home-baking-flour-1kg-31,Quickmart
2026-10-08,wheat flour,Elliots Home Baking Flour 2Kg,KES 205.00,No discount,https://www.quickmart.co.ke/elliots-home-baking-flour-2kg-67,Quickmart
2026-10-08,wheat flour,Ndovu Home Baking Flour 2Kg,KES 185.00,No discount,https://www.quickmart.co.ke/ndovu-home-baking-flour-2kg-53,Quickmart
2026-10-08,wheat flour,Pembe Maize Flour 2Kg,KES 139.00,KES 155.00,https://www.quickmart.co.ke/pembe-maize-flour-2kg-56,Quickmart
2026-10-08,wheat flour,Exe All Purpose Flour 2Kg,KES 189.00,No discount,https://www.quickmart.co.ke/exe-all-purpose-flour-2kg-22,Quickmart
2026-10-08,wheat flour,Lea Premium All Purpose Wheat Flour 2Kg,KES 170.00,KES 180.00,https://www.quickmart.co.ke/lea-premium-all-purpose-wheat-flour-2kg-28,Quickmart
2026-10-08,wheat flour,Pendo Wheat Flour 2Kg,KES 185.00,No discount,https://www.quickmart.co.ke/pendo-wheat-flour-2kg-35,Quickmart
2026-10-08,wheat flour,Nice Extra Premium Flour 2Kg,KES 170.00,KES 188.00,https://www.quickmart.co.ke/nice-extra-premium-flour-2kg-38,Quickmart
2026-10-08,wheat flour,Exe Self Raising Flour 2Kg,KES 209.00,No discount,https://www.quickmart.co.ke/exe-self-raising-flour-2kg-54,Quickmart
2026-10-08,wheat flour,Dola All Purpose Flour 2Kg,KES 185.00,No discount,https://www.quickmart.co.ke/dola-all-purpose-flour-2kg-58,Quickmart
2026-10-08,wheat flour,Pembe Self Raising Flour 2Kg,KES 181.00,KES 191.00,https://www.quickmart.co.ke/pembe-self-raising-flour-2kg-39,Quickmart
2026-10-08,wheat flour,Soko Homebaking Flour 2Kg,KES 184.00,No discount,https://www.quickmart.co.ke/soko-homebaking-flour-2kg-60,Quickmart
2026-10-08,wheat flour,Exe All Purpose Flour 1Kg,KES 97.00,No discount,https://www.quickmart.co.ke/exe-all-purpose-flour-1kg-41,Quickmart
2026-10-08,wheat flour,Soko Homebaking Flour 1Kg,KES 94.00,No discount,https://www.quickmart.co.ke/soko-homebaking-flour-1kg-53,Quickmart
2026-10-08,wheat flour,Ajab Fortified Self Raising Flour 2Kg,KES 174.00,No discount,https://www.quickmart.co.ke/ajab-fortified-self-raising-flour-2kg-50,Quickmart
2026-10-08,wheat flour,Pembe Mandazi Flour 2Kg,KES 179.00,KES 189.00,https://www.quickmart.co.ke/pembe-mandazi-flour-2kg-66,Quickmart
2026-10-08,wheat flour,Exe Self Raising Flour 1Kg,KES 103.00,No discount,https://www.quickmart.co.ke/exe-self-raising-flour-1kg-58,Quickmart
2026-10-08,wheat flour,Elliots Self Raising Flour 2Kg,KES 225.00,No discount,https://www.quickmart.co.ke/elliots-self-raising-flour-2kg-37,Quickmart
2026-10-08,wheat flour,Nice Extra Premium Flour 1Kg,KES 95.00,No discount,https://www.quickmart.co.ke/nice-extra-premium-flour-1kg-35,Quickmart
2026-10-08,wheat flour,Bfm Elliots Homebaking Flour 1Kg,KES 105.00,No discount,https://www.quickmart.co.ke/bfm-elliots-homebaking-flour-1kg-43,Quickmart
2026-10-08,wheat flour,Pembe Maize Flour 1Kg,KES 78.00,KES 85.00,https://www.quickmart.co.ke/pembe-maize-flour-1kg-60,Quickmart
2026-10-08,wheat flour,Grainmill Oat Flour 1Kg,KES 400.00,KES 499.00,https://www.quickmart.co.ke/grainmill-oat-flour-1kg-27,Quickmart
2026-10-08,wheat flour,Clovers Baking Powder 90Gms,KES 27.00,No discount,https://www.quickmart.co.ke/clovers-baking-powder-90gms-16,Quickmart
2026-10-08,wheat flour,Soko Maize Flour 10Kg,KES 809.00,No discount,https://www.quickmart.co.ke/soko-maize-flour-10kg-48,Quickmart
2026-10-08,wheat flour,Hostess Maize Flour 2Kg,KES 199.00,No discount,https://www.quickmart.co.ke/hostess-maize-flour-2kg-57,Quickmart
2026-10-08,wheat flour,Famila Baby Weaning Flour 1Kg,KES 170.00,No discount,https://www.quickmart.co.ke/famila-baby-weaning-flour-1kg-35,Quickmart
2026-10-08,wheat flour,Butterfly Semolina Flour 1Kg,KES 225.00,No discount,https://www.quickmart.co.ke/butterfly-semolina-flour-1kg-36,Quickmart
2026-10-08,wheat flour,Clovers Cornflour 400G,KES 97.00,No discount,https://www.quickmart.co.ke/clovers-cornflour-400g-27,Quickmart
2026-10-08,wheat flour,Dola Maize Flour 2Kg,KES 141.00,No discount,https://www.quickmart.co.ke/dola-maize-flour-2kg-35,Quickmart
2026-10-08,wheat flour,Ajab Fortified Mandazi Flour 2Kg,KES 174.00,No discount,https://www.quickmart.co.ke/ajab-fortified-mandazi-flour-2kg-8,Quickmart
2026-10-08,wheat flour,Raha Premium Maize Meal Flour 5Kg,KES 495.00,No discount,https://www.quickmart.co.ke/raha-premium-maize-meal-5-kg-24,Quickmart
2026-10-08,wheat flour,Exe Mandazi Flour 2Kg,KES 209.00,No discount,https://www.quickmart.co.ke/exe-mandazi-flour-2kg-54,Quickmart
2026-10-08,wheat flour,Elliots Self Raising Flour 1Kg,KES 110.00,No discount,https://www.quickmart.co.ke/elliots-self-raising-flour-1kg-32,Quickmart
2026-10-08,wheat flour,Elliots Mandazi Flour 1Kg,KES 115.00,No discount,https://www.quickmart.co.ke/elliots-mandazi-flour-1kg-17,Quickmart
2026-10-08,wheat flour,Lea Premium Maize Meal Flour 1Kg,KES 99.00,No discount,https://www.quickmart.co.ke/lea-premium-maize-meal-flour-1kg-37,Quickmart
2026-10-08,wheat flour,Lea Premium All Purpose Wheat Flour 1Kg,KES 91.00,No discount,https://www.quickmart.co.ke/lea-premium-all-purpose-wheat-flour-1kg-28,Quickmart
2026-10-08,wheat flour,Nutrameal Rice Flour 1Kg,KES 193.00,No discount,https://www.quickmart.co.ke/nutrameal-rice-flour-1kg-12,Quickmart
2026-10-08,wheat flour,Butterfly Atta Mark 1 Flour 1Kg,KES 143.00,No discount,https://www.quickmart.co.ke/butterfly-atta-mark-1-flour-1kg-36,Quickmart
2026-10-08,wheat flour,Readybake Mandazi Mix Flour 1Kg,KES 313.00,No discount,https://www.quickmart.co.ke/readybake-mandazi-mix-flour-1kg-36,Quickmart
2026-10-08,wheat flour,Grainmill Oat Flour 500G,KES 285.00,No discount,https://www.quickmart.co.ke/grainmill-oat-flour-500g-27,Quickmart
2026-10-08,wheat flour,Mama Maize Flour 2Kg,KES 150.00,No discount,https://www.quickmart.co.ke/mama-maize-flour-2kg-32,Quickmart
2026-10-08,wheat flour,Baraka-Elliots Mandazi Flour 2Kg,KES 225.00,No discount,https://www.quickmart.co.ke/baraka-elliots-mandazi-flour-2kg-30,Quickmart
2026-10-08,wheat flour,Grainmill Oat Flour 250G,KES 165.00,No discount,https://www.quickmart.co.ke/grainmill-oat-flour-250g-22,Quickmart
2026-10-08,wheat flour,Kensalt Premium Iodated Edible Table Salt 2Kg,KES 95.00,No discount,https://www.quickmart.co.ke/kensalt-premium-iodated-edible-table-salt-2kg-63,Quickmart
2026-10-08,wheat flour,Kol Corn Flour 400G,KES 99.00,KES 120.00,https://www.quickmart.co.ke/kol-corn-flour-400g-35,Quickmart
2026-10-08,wheat flour,Elliots Atta Mark 1 Flour 1Kg,KES 105.00,No discount,https://www.quickmart.co.ke/elliots-atta-mark-1-flour-1kg-35,Quickmart
2026-10-08,wheat flour,Ndovu Maize Meal Flour 5Kg,KES 350.00,No discount,https://www.quickmart.co.ke/ndovu-maize-meal-flour-5kg-51,Quickmart
2026-10-08,wheat flour,Soko Nutrigo Flour 2Kg,KES 262.00,KES 285.00,https://www.quickmart.co.ke/soko-nutrigo-flour-2kg-45,Quickmart
2026-10-08,wheat flour,Famila Nutri Health Uji Flour 1 Kg,KES 172.00,No discount,https://www.quickmart.co.ke/famila-nutri-health-uji-flour-1-kg-34,Quickmart
2026-10-08,wheat flour,Winnie Pure Wimbi Afya Flour 1Kg,KES 214.00,No discount,https://www.quickmart.co.ke/winnie-pure-wimbi-afya-flour-1kg-38,Quickmart
2026-10-08,wheat flour,Pembe Atta Mark 1 Flour 2Kg,KES 190.00,No discount,https://www.quickmart.co.ke/pembe-atta-mark-1-flour-2kg-38,Quickmart
2026-10-08,wheat flour,Exe Chapati Flour 1Kg,KES 99.00,No discount,https://www.quickmart.co.ke/exe-chapati-flour-1kg-22,Quickmart
2026-10-08,wheat flour,Pembe Pure Wimbi Porrdge Flour 1Kg,KES 169.00,KES 179.00,https://www.quickmart.co.ke/pembe-pure-wimbi-porrdge-flour-1kg-38,Quickmart
2026-10-08,wheat flour,Joymax Maize Meal Flour 2Kg,KES 140.00,No discount,https://www.quickmart.co.ke/joymax-maize-meal-flour-2kg-34,Quickmart
2026-10-08,wheat flour,Swan Maize Flour 2Kg,KES 142.00,No discount,https://www.quickmart.co.ke/swan-maize-flour-2kg-41,Quickmart
2026-10-08,wheat flour,Cereal Box Cassava Flour Per 500G,KES 102.50,No discount,https://www.quickmart.co.ke/cereal-box-cassava-flour-per-500g,Quickmart
2026-10-08,wheat flour,Exe Atta Mark 1 Flour 2Kg,KES 194.00,No discount,https://www.quickmart.co.ke/exe-atta-mark-1-flour-2kg-44,Quickmart
2026-10-08,wheat flour,Soko Nutrigo Flour 1Kg,KES 144.00,No discount,https://www.quickmart.co.ke/soko-nutrigo-1kg-19,Quickmart
2026-10-08,wheat flour,Pembe Maize Meal Flour 10Kg,KES 780.00,KES 820.00,https://www.quickmart.co.ke/pembe-maize-meal-flour-10kg-38,Quickmart
2026-10-08,wheat flour,Jogoo Maize Flour 10Kg,KES 860.00,No discount,https://www.quickmart.co.ke/jogoo-maize-flour-10kg-30,Quickmart
2026-10-08,wheat flour,Jogoo Maize Flour 5Kg,KES 436.00,No discount,https://www.quickmart.co.ke/jogoo-maize-flour-5kg-26,Quickmart
2026-10-08,wheat flour,Jogoo Wimbi Flour 2Kg,KES 276.00,No discount,https://www.quickmart.co.ke/jogoo-wimbi-flour-2kg-36,Quickmart
2026-10-08,wheat flour,Elliots Atta Mark 1 Flour 2Kg,KES 205.00,No discount,https://www.quickmart.co.ke/elliots-atta-mark-1-flour-2kg-38,Quickmart
2026-10-08,wheat flour,Oryx Premium Maize Meal Flour 2Kg,KES 159.00,No discount,https://www.quickmart.co.ke/oryx-premium-maize-meal-flour-2kg-34,Quickmart
2026-10-08,wheat flour,Winnie Uji Afya Flour 1Kg,KES 179.00,No discount,https://www.quickmart.co.ke/winnie-uji-afya-flour-1kg-39,Quickmart
